TRAINING,00000679.jpg,Person,0.25,0.292825769,,,0.408203125,0.475841874
TRAINING,00000679.jpg,Person,0.73828125,0.2284041,,,0.8828125,0.399707174
TRAINING,00000679.jpg,Person,0.44921875,0.187408492,,,0.576171875,0.332357247
TRAINING,00000681.jpg,Person,0.595384615,0.230946882,,,0.783076923,0.448036952
TRAINING,00000681.jpg,Person,0.393846154,0.281755196,,,0.541538462,0.452655889
TRAINING,00000681.jpg,Person,0.204615385,0.154734411,,,0.355384615,0.330254042
TRAINING,00000681.jpg,Person,0.352307692,0.143187067,,,0.5,0.316397229
TRAINING,00000682.jpg,Person,0.4703125,0.255813953,,,0.6453125,0.460465116
TRAINING,00000682.jpg,Person,0.7453125,0.45,,,0.9171875,0.65
TRAINING,00000682.jpg,Person,0.4453125,0.46627907,,,0.625,0.674418605
TRAINING,00000682.jpg,Person,0.0859375,0.256976744,,,0.3,0.510465116
TRAINING,00000684.jpg,Person,0.302912621,0.034482759,,,0.603883495,0.393103448
TRAINING,00000697.jpg,Person,0.437333333,0.044,,,0.745333333,0.402
TRAINING,00000697.jpg,Person,0.096666667,0.234,,,0.372666667,0.555
TRAINING,00000697.jpg,Person,0.633333333,0.001,,,0.983333333,0.346
TRAINING,00000697.jpg,Person,0.232,0.21,,,0.49,0.511
TRAINING,00000699.jpg,Person,0.345,0.337,,,0.645,0.687
TRAINING,00000699.jpg,Person,0.678,0.439,,,0.96,0.767
TRAINING,00000701.jpg,Person,0.345,0.337,,,0.645,0.687
TRAINING,00000701.jpg,Person,0.678,0.439,,,0.96,0.767
TRAINING,00000702.jpg,Person,0.5,0.373641304,,,0.648097826,0.542119565
TRAINING,00000702.jpg,Person,0.637228261,0.376358696,,,0.788043478,0.551630435
TRAINING,00000702.jpg,Person,0.349184783,0.387228261,,,0.487771739,0.547554348
TRAINING,00000702.jpg,Person,0.205163043,0.486413043,,,0.377717391,0.686141304
TRAINING,00000702.jpg,Person,0.389945652,0.263586957,,,0.497282609,0.391304348
TRAINING,00000703.jpg,Person,0.400390625,0.095486111,,,0.67578125,0.416666667
TRAINING,00000703.jpg,Person,0.15234375,0.151041667,,,0.384765625,0.421875
TRAINING,00000704.jpg,Person,0.18627451,0.224806202,,,0.450980392,0.524547804
TRAINING,00000704.jpg,Person,0.454248366,0.284237726,,,0.828431373,0.718346253
TRAINING,00000704.jpg,Person,0.553921569,0.121447028,,,0.733660131,0.325581395
TRAINING,00000704.jpg,Person,0.184640523,0.108527132,,,0.336601307,0.284237726
TRAINING,00000704.jpg,Person,0.433006536,0.098191214,,,0.594771242,0.286821705
TRAINING,00000705.jpg,Person,0.384765625,0.177289377,,,0.589355469,0.414652015
TRAINING,00000705.jpg,Person,0.630859375,0.386080586,,,0.755371094,0.53040293
TRAINING,00000706.jpg,Person,0.068333333,0.2585,,,0.172833333,0.38275
TRAINING,00000707.jpg,Person,0.575,0.041975309,,,0.890277778,0.417283951
TRAINING,00000707.jpg,Person,0.458333333,0.32345679,,,0.772222222,0.696296296
TRAINING,00000707.jpg,Person,0.148611111,0.286419753,,,0.576388889,0.772839506
TRAINING,00000707.jpg,Person,0.670833333,0.395061728,,,0.998611111,0.82962963
TRAINING,00000707.jpg,Person,0.338888889,0.002469136,,,0.666666667,0.365432099
TRAINING,00000711.jpg,Person,0.120833333,0.346875,,,0.34375,0.60625
TRAINING,00000711.jpg,Person,0.5375,0.284375,,,0.745833333,0.528125
TRAINING,00000711.jpg,Person,0.289583333,0.43125,,,0.489583333,0.659375
TRAINING,00000713.jpg,Person,0.21015625,0.085580305,,,0.5046875,0.427901524
TRAINING,00000713.jpg,Person,0.46328125,0.069167644,,,0.6765625,0.316529894
TRAINING,00000715.jpg,Person,0.532,0.357,,,0.79,0.658
TRAINING,00000715.jpg,Person,0.228,0.297,,,0.509333333,0.625
TRAINING,00000715.jpg,Person,0.414,0.361,,,0.678,0.662
TRAINING,00000717.jpg,Person,0.370625,0.143233743,,,0.491875,0.284710018
TRAINING,00000717.jpg,Person,0.5725,0.170474517,,,0.679375,0.294376098
TRAINING,00000717.jpg,Person,0.45875,0.320738137,,,0.603125,0.489455185
TRAINING,00000718.jpg,Person,0.74296875,0.35859375,,,0.9,0.54609375
TRAINING,00000718.jpg,Person,0.246875,0.28671875,,,0.4078125,0.47421875
TRAINING,00000718.jpg,Person,0.00625,0.346875,,,0.1703125,0.5390625
TRAINING,00000718.jpg,Person,0.40703125,0.3078125,,,0.590625,0.52109375
TRAINING,00000718.jpg,Person,0.00703125,0.596875,,,0.21171875,0.834375
TRAINING,00000718.jpg,Person,0.85703125,0.48984375,,,1,0.74375
TRAINING,00000718.jpg,Person,0.57578125,0.23203125,,,0.73359375,0.415625
TRAINING,00000719.jpg,Person,0.244408946,0.047961631,,,0.434504792,0.270983213
TRAINING,00000719.jpg,Person,0.103833866,0.213429257,,,0.332268371,0.472422062
TRAINING,00000719.jpg,Person,0.485623003,0.076738609,,,0.734824281,0.35971223
TRAINING,00000719.jpg,Person,0.651757188,0.076738609,,,0.884984026,0.340527578
TRAINING,00000719.jpg,Person,0.327476038,0.172661871,,,0.597444089,0.486810552
TRAINING,00000719.jpg,Person,0.215654952,0.282973621,,,0.474440895,0.585131894
TRAINING,00000723.jpg,Person,0.584677419,0.288647343,,,0.822580645,0.566425121
TRAINING,00000723.jpg,Person,0.312096774,0.201690821,,,0.564516129,0.489130435
TRAINING,00000723.jpg,Person,0.745967742,0.138888889,,,0.999193548,0.466183575
TRAINING,00000723.jpg,Person,0.191935484,0.166666667,,,0.396774194,0.399758454
TRAINING,00000724.jpg,Person,0.478448276,0.145454545,,,0.639367816,0.331818182
TRAINING,00000724.jpg,Person,0.323275862,0.161363636,,,0.488505747,0.352272727
TRAINING,00000726.jpg,Person,0.41,0.040794979,,,0.623846154,0.283472803
TRAINING,00000726.jpg,Person,0.176153846,0.329497908,,,0.419230769,0.612970711
TRAINING,00000726.jpg,Person,0.371538462,0.323221757,,,0.599230769,0.588912134
TRAINING,00000726.jpg,Person,0.475384615,0.535564854,,,0.713076923,0.806485356
TRAINING,00000726.jpg,Person,0.576923077,0.344142259,,,0.835384615,0.64539749
TRAINING,00000726.jpg,Person,0.56,0.173640167,,,0.710769231,0.349372385
TRAINING,00000729.jpg,Person,0.528571429,0.542857143,,,0.695918367,0.73877551
TRAINING,00000729.jpg,Person,0.241836735,0.505102041,,,0.440816327,0.737755102
TRAINING,00000729.jpg,Person,0.703061224,0.645918367,,,0.879591837,0.845918367
TRAINING,00000729.jpg,Person,0.569387755,0.337755102,,,0.76122449,0.560204082
TRAINING,00000729.jpg,Person,0.398979592,0.425510204,,,0.57755102,0.629591837
TRAINING,00000729.jpg,Person,0.785714286,0.507142857,,,0.984693878,0.735714286
TRAINING,00000729.jpg,Person,0.713265306,0.405102041,,,0.884693878,0.605102041
TRAINING,00000729.jpg,Person,0.081632653,0.367346939,,,0.310204082,0.632653061
TRAINING,00000734.jpg,Person,0.197894737,0.058988764,,,0.406842105,0.296816479
TRAINING,00000734.jpg,Person,0.705789474,0.198501873,,,0.91,0.436329588
TRAINING,00000734.jpg,Person,0.316315789,0.146067416,,,0.520526316,0.383895131
TRAINING,00000735.jpg,Person,0.452641166,0.255464481,,,0.566484517,0.387978142
TRAINING,00000737.jpg,Person,0.222054381,0.043402778,,,0.333836858,0.171875
TRAINING,00000737.jpg,Person,0.208459215,0.204861111,,,0.332326284,0.348958333
TRAINING,00000737.jpg,Person,0.771903323,0.237847222,,,0.876132931,0.357638889
TRAINING,00000737.jpg,Person,0.811178248,0.381944444,,,0.909365559,0.496527778
TRAINING,00000737.jpg,Person,0.009063444,0.083333333,,,0.113293051,0.204861111
TRAINING,00000737.jpg,Person,0.064954683,0.184027778,,,0.170694864,0.310763889
TRAINING,00000737.jpg,Person,0.418429003,0.097222222,,,0.513595166,0.210069444
TRAINING,00000737.jpg,Person,0.569486405,0.152777778,,,0.66163142,0.258680556
TRAINING,00000737.jpg,Person,0.65407855,0.170138889,,,0.756797583,0.288194444
TRAINING,00000738.jpg,Person,0.596,0.134,,,0.768,0.334
TRAINING,00000738.jpg,Person,0.126666667,0.046,,,0.298666667,0.246
TRAINING,00000738.jpg,Person,0.001333333,0.112,,,0.169333333,0.372
TRAINING,00000738.jpg,Person,0.406666667,0.222,,,0.557333333,0.398
TRAINING,00000741.jpg,Person,0.19,0.092480553,,,0.361875,0.292999136
TRAINING,00000741.jpg,Person,0.62375,0.033707865,,,0.791875,0.233362143
TRAINING,00000741.jpg,Person,0.544375,0.11840968,,,0.69875,0.298184961
TRAINING,00000741.jpg,Person,0.33375,0.174589455,,,0.488125,0.354364736
TRAINING,00000741.jpg,Person,0.45,0.197061366,,,0.61125,0.388936906
TRAINING,00000751.jpg,Person,0.401091405,0.0742913,,,0.587994543,0.292277615
TRAINING,00000752.jpg,Person,0.438469493,0.056923077,,,0.656670114,0.316923077
TRAINING,00000753.jpg,Person,0.211991435,0.014285714,,,0.640256959,0.511428571
TRAINING,00000754.jpg,Person,0.399739583,0.169921875,,,0.669270833,0.483398438
TRAINING,00000755.jpg,Person,0.31625,0.07879925,,,0.67375,0.495309568
TRAINING,00000757.jpg,Person,0.3225,0.254295533,,,0.59875,0.575601375
TRAINING,00000758.jpg,Person,0.374615385,0.062283737,,,0.656153846,0.39100346
TRAINING,00000760.jpg,Person,0.4,0.159474672,,,0.71375,0.523452158
TRAINING,00000761.jpg,Person,0.427966102,0.019774011,,,0.555084746,0.166666667
TRAINING,00000762.jpg,Person,0.6025,0.037735849,,,0.7775,0.241852487
TRAINING,00000763.jpg,Person,0.245026178,0.130769231,,,0.515183246,0.444615385
TRAINING,00000764.jpg,Person,0.440559441,0.04,,,0.612387612,0.24
TRAINING,00000765.jpg,Person,0.37890625,0.057617188,,,0.529947917,0.233398438
TRAINING,00000767.jpg,Person,0.333007813,0.124108417,,,0.516601563,0.342368046
TRAINING,00000768.jpg,Person,0.301385681,0.04028777,,,0.428406467,0.187769784
TRAINING,00000770.jpg,Person,0.328813559,0.053030303,,,0.659322034,0.436868687
TRAINING,00000772.jpg,Person,0.205,0.107368421,,,0.41,0.345263158
TRAINING,00000774.jpg,Person,0.370923913,0.097826087,,,0.550271739,0.30615942
TRAINING,00000775.jpg,Person,0.356,0.380507343,,,0.539,0.593457944
TRAINING,00000777.jpg,Person,0.3046875,0.143484627,,,0.662109375,0.56954612
TRAINING,00000778.jpg,Person,0.2225,0.160555556,,,0.53,0.510555556
TRAINING,00000779.jpg,Person,0.196875,0.132705479,,,0.42,0.398116438
TRAINING,00000783.jpg,Person,0.39707419,0.153076923,,,0.521421108,0.297692308
TRAINING,00000784.jpg,Person,0.218461538,0.118937644,,,0.719230769,0.702078522
TRAINING,00000785.jpg,Person,0.405311778,0.150359712,,,0.506928406,0.269064748
TRAINING,00000786.jpg,Person,0.026367188,0.001464129,,,0.634765625,0.661786237
TRAINING,00000787.jpg,Person,0.432307692,0.156682028,,,0.66,0.414746544
TRAINING,00000788.jpg,Person,0.427118644,0.085025381,,,0.606779661,0.294416244
TRAINING,00000789.jpg,Person,0.3675,0.098045711,,,0.5855,0.35177211
TRAINING,00000790.jpg,Person,0.413043478,0.05375,,,0.671077505,0.354375
TRAINING,00000792.jpg,Person,0.262,0.033,,,0.728,0.575
TRAINING,00000793.jpg,Person,0.270927093,0.006122449,,,0.803780378,0.614285714
TRAINING,00000794.jpg,Person,0.189453125,0.001953125,,,0.9765625,0.83984375
TRAINING,00000796.jpg,Person,0.513108614,0.067058824,,,0.692883895,0.275882353
TRAINING,00000798.jpg,Person,0.337113402,0.000687285,,,0.63814433,0.3395189
TRAINING,00000799.jpg,Person,0.142307692,0.03030303,,,0.38,0.312434692
TRAINING,00000800.jpg,Person,0.329545455,0.274,,,0.636363636,0.632
TRAINING,00000801.jpg,Person,0.371921182,0.062091503,,,0.672413793,0.413398693
TRAINING,00000802.jpg,Person,0.370967742,0.083007813,,,0.482404692,0.212890625
TRAINING,00000803.jpg,Person,0.408666667,0.255555556,,,0.736666667,0.628888889
TRAINING,00000805.jpg,Person,0.435555556,0.12539185,,,0.664444444,0.39184953
TRAINING,00000807.jpg,Person,0.453333333,0.165557404,,,0.662222222,0.408485857
TRAINING,00000809.jpg,Person,0.4065,0.16204051,,,0.6155,0.405101275
TRAINING,00000811.jpg,Person,0.484,0.08125,,,0.759333333,0.395625
TRAINING,00000812.jpg,Person,0.34083045,0.13625,,,0.524221453,0.35
TRAINING,00000813.jpg,Person,0.002296211,0.000510204,,,0.584768465,0.789285714
TRAINING,00000814.jpg,Person,0.52,0.106666667,,,0.854444444,0.496666667
TRAINING,00000816.jpg,Person,0.003344482,0.011111111,,,0.37458194,0.726666667
TRAINING,00000817.jpg,Person,0.4017991,0.032,,,0.614692654,0.28
TRAINING,00000819.jpg,Person,0.282226563,0.029282577,,,0.625,0.427525622
TRAINING,00000820.jpg,Person,0.245825603,0.085,,,0.37012987,0.229375
TRAINING,00000820.jpg,Person,0.6567718,0.141875,,,0.763450835,0.26875
TRAINING,00000824.jpg,Person,0.348348348,0.050096339,,,0.582582583,0.32177264
TRAINING,00000825.jpg,Person,0.438692098,0.058181818,,,0.643051771,0.296363636
TRAINING,00000826.jpg,Person,0.359375,0.073313783,,,0.602539063,0.356304985
TRAINING,00000827.jpg,Person,0.573573574,0.127272727,,,0.821321321,0.409090909
TRAINING,00000828.jpg,Person,0.316666667,0.085106383,,,0.513333333,0.312765957
TRAINING,00000829.jpg,Person,0.401,0.126666667,,,0.624,0.386
TRAINING,00000830.jpg,Person,0.42,0.131498471,,,0.638,0.385321101
TRAINING,00000831.jpg,Person,0.1925,0.015555556,,,0.85625,0.804444444
TRAINING,00000832.jpg,Person,0.428813559,0.038331454,,,0.628813559,0.266065389
TRAINING,00000833.jpg,Person,0.298311445,0.156654888,,,0.515947467,0.411071849
TRAINING,00000834.jpg,Person,0.22,0.017322835,,,0.79,0.678740157
TRAINING,00000835.jpg,Person,0.620162933,0.069387755,,,0.795655126,0.273979592
TRAINING,00000836.jpg,Person,0.305194805,0.179049939,,,0.662337662,0.595615104
TRAINING,00000837.jpg,Person,0.02,0.005235602,,,0.6275,0.727748691
TRAINING,00000838.jpg,Person,0.153942428,0.043945313,,,0.7359199,0.706054688
TRAINING,00000839.jpg,Person,0.60375,0.113190731,,,0.779375,0.317290553
TRAINING,00000840.jpg,Person,0.336923077,0.220554273,,,0.694615385,0.637413395
TRAINING,00000841.jpg,Person,0.333333333,0.001,,,0.914666667,0.621
TRAINING,00000842.jpg,Person,0.333333333,0.165480427,,,0.44,0.290035587
TRAINING,00000842.jpg,Person,0.529333333,0.223309609,,,0.621333333,0.330071174
TRAINING,00000843.jpg,Person,0.688571429,0.079620853,,,0.8,0.208530806
TRAINING,00000844.jpg,Person,0.446236559,0.039285714,,,0.728494624,0.367857143
TRAINING,00000845.jpg,Person,0.296666667,0.070615034,,,0.773333333,0.635535308
TRAINING,00000847.jpg,Person,0.377418565,0.238048589,,,0.590742101,0.481191223
TRAINING,00000848.jpg,Person,0.339333333,0.122,,,0.598,0.423
TRAINING,00000849.jpg,Person,0.465408805,0.03515625,,,0.589622642,0.1796875
TRAINING,00000850.jpg,Person,0.163333333,0.2675,,,0.505,0.6675
TRAINING,00000851.jpg,Person,0.001633987,0.066993464,,,0.666666667,0.921568627
TRAINING,00000853.jpg,Person,0.463878327,0.0865,,,0.585551331,0.228
TRAINING,00000854.jpg,Person,0.315169367,0.196172249,,,0.567746686,0.484210526
TRAINING,00000856.jpg,Person,0.376281113,0.188660802,,,0.474377745,0.300097752
TRAINING,00000857.jpg,Person,0.359,0.043478261,,,0.732,0.47826087
TRAINING,00000858.jpg,Person,0.230625,0.158167675,,,0.430625,0.390665514
TRAINING,00000859.jpg,Person,0.207631874,0.12755102,,,0.514029181,0.484693878
TRAINING,00000860.jpg,Person,0.429333333,0.048214286,,,0.586666667,0.23125
TRAINING,00000864.jpg,Person,0.159793814,0.134020619,,,0.502061856,0.524484536
TRAINING,00000866.jpg,Person,0.402061856,0.003139717,,,0.99754541,0.941130298
TRAINING,00000869.jpg,Person,0.385384615,0.058577406,,,0.706153846,0.432008368
TRAINING,00000870.jpg,Person,0.401,0.220666667,,,0.551,0.396
TRAINING,00000872.jpg,Person,0.392307692,0.078571429,,,0.630769231,0.357142857
TRAINING,00000874.jpg,Person,0.339491917,0.000769231,,,0.53926097,0.218461538
TRAINING,00000875.jpg,Person,0.64125,0.262886598,,,0.88875,0.551546392
TRAINING,00000876.jpg,Person,0.426,0.082342954,,,0.678666667,0.376910017
TRAINING,00000877.jpg,Person,0.27,0.073469388,,,0.76,0.640816327
TRAINING,00000879.jpg,Person,0.328,0.098045711,,,0.546,0.35177211
TRAINING,00000881.jpg,Person,0.372,0.097,,,0.666666667,0.44
TRAINING,00000882.jpg,Person,0.525622255,0.179863148,,,0.635431918,0.309872923
TRAINING,00000884.jpg,Person,0.274414063,0.052790347,,,0.393554688,0.191553544
TRAINING,00000885.jpg,Person,0.201201201,0.09,,,0.567567568,0.518
TRAINING,00000886.jpg,Person,0.35375,0.1975,,,0.51875,0.388333333
TRAINING,00000889.jpg,Person,0.35130719,0.161764706,,,0.710784314,0.580882353
TRAINING,00000891.jpg,Person,0.164,0.131648936,,,0.786,0.855053191
TRAINING,00000893.jpg,Person,0.2,0.123333333,,,0.393333333,0.35
TRAINING,00000894.jpg,Person,0.220588235,0.041,,,0.815826331,0.719
TRAINING,00000895.jpg,Person,0.115234375,0.096590909,,,0.72265625,0.803977273
TRAINING,00000896.jpg,Person,0.323051948,0.177831912,,,0.644480519,0.551766139
TRAINING,00000897.jpg,Person,0.291,0.166010129,,,0.707,0.639842431
TRAINING,00000898.jpg,Person,0.392592593,0.062222222,,,0.597037037,0.305555556
TRAINING,00000899.jpg,Person,0.185,0.091454273,,,0.641,0.634182909
TRAINING,00000900.jpg,Person,0.418644068,0.119592875,,,0.618644068,0.351145038
TRAINING,00000901.jpg,Person,0.638568129,0.18057554,,,0.736720554,0.294244604
TRAINING,00000902.jpg,Person,0.548333333,0.36,,,0.795,0.6475
TRAINING,00000903.jpg,Person,0.361376022,0.236734694,,,0.614100817,0.531122449
TRAINING,00000908.jpg,Person,0.2,0.100461894,,,0.418461538,0.354503464
TRAINING,00000910.jpg,Person,0.249,0.187546887,,,0.794,0.822205551
TRAINING,00000913.jpg,Person,0.393333333,0.03917221,,,0.538,0.207686622
TRAINING,00000916.jpg,Person,0.474302496,0.01953125,,,0.593245228,0.155273438
TRAINING,00000917.jpg,Person,0.41,0.222545455,,,0.5855,0.426909091
TRAINING,00000920.jpg,Person,0.263125,0.028277635,,,0.693125,0.53898886
TRAINING,00000921.jpg,Person,0.500982318,0.002949853,,,0.868369352,0.424778761
TRAINING,00000923.jpg,Person,0.466066482,0.084205282,,,0.561980609,0.195814649
TRAINING,00000924.jpg,Person,0.463945578,0.070408163,,,0.669387755,0.309183673
TRAINING,00000926.jpg,Person,0.277286136,0.097560976,,,0.456489676,0.306960143
TRAINING,00000928.jpg,Person,0.393393393,0.146435453,,,0.57957958,0.36416185
TRAINING,00000930.jpg,Person,0.19125,0.065666041,,,0.3825,0.288930582
TRAINING,00000931.jpg,Person,0.299,0.09382716,,,0.508,0.337037037
TRAINING,00000932.jpg,Person,0.472477064,0.113333333,,,0.651376147,0.321666667
TRAINING,00000933.jpg,Person,0.339677892,0.119140625,,,0.530014641,0.341796875
TRAINING,00000935.jpg,Person,0.398538961,0.215590743,,,0.612012987,0.470158343
TRAINING,00000936.jpg,Person,0.397,0.088455772,,,0.718,0.461769115
TRAINING,00000939.jpg,Person,0.536458333,0.054572271,,,0.640625,0.172566372
TRAINING,00000941.jpg,Person,0.348888889,0.18,,,0.581111111,0.45
TRAINING,00000943.jpg,Person,0.313320826,0.015,,,0.803001876,0.5725
TRAINING,00000944.jpg,Person,0.497690531,0.056115108,,,0.651270208,0.235971223
TRAINING,00000947.jpg,Person,0.464809384,0.135742188,,,0.560117302,0.247070313
TRAINING,00000948.jpg,Person,0.2125,0.140893471,,,0.40875,0.369415808
TRAINING,00000948.jpg,Person,0.41125,0.12371134,,,0.58625,0.324742268
TRAINING,00000948.jpg,Person,0.65375,0.20790378,,,0.8375,0.420962199
TRAINING,00000951.jpg,Person,0.277286136,0.097560976,,,0.456489676,0.306960143
TRAINING,00000952.jpg,Person,0.305084746,0.100817439,,,0.593220339,0.435967302
TRAINING,00000953.jpg,Person,0.392,0.082,,,0.588,0.31
TRAINING,00000955.jpg,Person,0.218,0.127777778,,,0.519,0.477777778
TRAINING,00000956.jpg,Person,0.339677892,0.119140625,,,0.530014641,0.341796875
TRAINING,00000957.jpg,Person,0.408689749,0.070918367,,,0.506449423,0.184693878
TRAINING,00000958.jpg,Person,0.413333333,0.225,,,0.561666667,0.3975
TRAINING,00000959.jpg,Person,0.220444444,0.116,,,0.803555556,0.779333333
TRAINING,00000962.jpg,Person,0.117142857,0.019047619,,,0.795714286,0.807619048
TRAINING,00000963.jpg,Person,0.2875,0.125429553,,,0.88375,0.819587629
TRAINING,00000965.jpg,Person,0.389805097,0.1625,,,0.732383808,0.5525
TRAINING,00000966.jpg,Person,0.226153846,0.220081136,,,0.834615385,0.926977688
TRAINING,00000968.jpg,Person,0.561200924,0.018461538,,,0.68591224,0.163076923
TRAINING,00000969.jpg,Person,0.454865182,0.128,,,0.630715123,0.333
TRAINING,00000970.jpg,Person,0.405273438,0.001453488,,,0.90234375,0.57994186
TRAINING,00000972.jpg,Person,0.150326797,0.200980392,,,0.37745098,0.465686275
TRAINING,00000973.jpg,Person,0.33125,0.084760274,,,0.66625,0.475171233
TRAINING,00000974.jpg,Person,0.166666667,0.121428571,,,0.396103896,0.385714286
TRAINING,00000976.jpg,Person,0.276206323,0.277222222,,,0.475873544,0.515
TRAINING,00000981.jpg,Person,0.386666667,0.085,,,0.623333333,0.3675
TRAINING,00000982.jpg,Person,0.480300188,0.170789164,,,0.589118199,0.297997644
TRAINING,00000983.jpg,Person,0.497690531,0.056115108,,,0.651270208,0.235971223
TRAINING,00000985.jpg,Person,0.469,0.112666667,,,0.77,0.462666667
TRAINING,00000986.jpg,Person,0.52,0.542222222,,,0.8625,0.948888889
TRAINING,00000986.jpg,Person,0.09875,0.385555556,,,0.49125,0.831111111
TRAINING,00000987.jpg,Person,0.434846266,0.041055718,,,0.647144949,0.289345064
TRAINING,00000988.jpg,Person,0.206923077,0.099307159,,,0.382307692,0.30369515
TRAINING,00000989.jpg,Person,0.422,0.152923538,,,0.868,0.671664168
TRAINING,00000990.jpg,Person,0.385620915,0.066176471,,,0.812091503,0.575980392
TRAINING,00000992.jpg,Person,0.425777778,0.258666667,,,0.616888889,0.476
TRAINING,00000993.jpg,Person,0.489257813,0.126099707,,,0.82421875,0.508797654
TRAINING,00000993.jpg,Person,0.142578125,0.161290323,,,0.477539063,0.551319648
TRAINING,00000994.jpg,Person,0.393333333,0.138424821,,,0.86,0.704057279
TRAINING,00000995.jpg,Person,0.115,0.029962547,,,0.39125,0.352059925
TRAINING,00000996.jpg,Person,0.288659794,0.099411765,,,0.476101218,0.317647059
TRAINING,00000996.jpg,Person,0.462043112,0.135882353,,,0.629803187,0.331764706
TRAINING,00000997.jpg,Person,0.363376252,0.022857143,,,0.563662375,0.25047619
TRAINING,00000999.jpg,Person,0.450847458,0.095022624,,,0.571186441,0.236425339
TRAINING,00001001.jpg,Person,0.37625,0.097938144,,,0.60875,0.369415808
TRAINING,00001003.jpg,Person,0.296,0.189189189,,,0.654,0.606606607
TRAINING,00001006.jpg,Person,0.024444444,0.043613707,,,0.66,0.800623053
TRAINING,00001007.jpg,Person,0.404099561,0.1640625,,,0.575402635,0.364257813
TRAINING,00001008.jpg,Person,0.364,0.050974513,,,0.611,0.338830585
TRAINING,00001010.jpg,Person,0.308035714,0.2625,,,0.7,0.708928571
TRAINING,00001011.jpg,Person,0.338461538,0.082142857,,,0.68974359,0.496428571
TRAINING,00001012.jpg,Person,0.431,0.29,,,0.627,0.522666667
TRAINING,00001013.jpg,Person,0.34939759,0.108235294,,,0.625645439,0.429411765
TRAINING,00001014.jpg,Person,0.231666667,0.044444444,,,0.575833333,0.436666667
TRAINING,00001015.jpg,Person,0.426426426,0.069364162,,,0.612612613,0.290944123
TRAINING,00001016.jpg,Person,0.421669107,0.033235582,,,0.550512445,0.183773216
TRAINING,00001017.jpg,Person,0.49875,0.101313321,,,0.69875,0.333958724
TRAINING,00001019.jpg,Person,0.4796875,0.068331143,,,0.696875,0.32325887
TRAINING,00001021.jpg,Person,0.305335968,0.051798561,,,0.599802372,0.38705036
TRAINING,00001023.jpg,Person,0.401098901,0.088,,,0.593406593,0.31
TRAINING,00001025.jpg,Person,0.453287197,0.073846154,,,0.662053057,0.311538462
TRAINING,00001026.jpg,Person,0.346889952,0.158146965,,,0.555023923,0.402555911
TRAINING,00001027.jpg,Person,0.140625,0.199074074,,,0.72337963,0.86246142
TRAINING,00001028.jpg,Person,0.295,0.184407796,,,0.704,0.659670165
TRAINING,00001032.jpg,Person,0.357,0.3016,,,0.595,0.5784
TRAINING,00001033.jpg,Person,0.345703125,0.106534091,,,0.573242188,0.377840909
TRAINING,00001034.jpg,Person,0.145,0.054794521,,,0.358333333,0.303652968
TRAINING,00001035.jpg,Person,0.225806452,0.000977517,,,0.526392962,0.275659824
TRAINING,00001038.jpg,Person,0.384188627,0.015277778,,,0.660194175,0.336111111
TRAINING,00001039.jpg,Person,0.305833333,0.065555556,,,0.57,0.373333333
TRAINING,00001040.jpg,Person,0.327118644,0.096244131,,,0.527118644,0.328638498
TRAINING,00001041.jpg,Person,0.220299885,0.131654676,,,0.39561707,0.335971223
TRAINING,00001042.jpg,Person,0.255,0.067010309,,,0.74375,0.649484536
TRAINING,00001043.jpg,Person,0.402,0.228228228,,,0.646,0.510510511
TRAINING,00001044.jpg,Person,0.3955,0.089272318,,,0.6,0.32708177
TRAINING,00001045.jpg,Person,0.353333333,0.082539683,,,0.788888889,0.603174603
TRAINING,00001046.jpg,Person,0.312820513,0.010714286,,,0.935897436,0.721428571
TRAINING,00001047.jpg,Person,0.375384615,0.079352851,,,0.622307692,0.367488444
TRAINING,00001048.jpg,Person,0.458,0.312,,,0.634,0.5168
TRAINING,00001049.jpg,Person,0.336914063,0.121522694,,,0.71875,0.566617862
TRAINING,00001050.jpg,Person,0.455772114,0.155,,,0.610194903,0.331
TRAINING,00001051.jpg,Person,0.419475655,0.017647059,,,0.672284644,0.311764706
TRAINING,00001052.jpg,Person,0.362,0.011070111,,,0.744,0.455104551
TRAINING,00001055.jpg,Person,0.297805643,0.133076923,,,0.396029258,0.246923077
TRAINING,00001056.jpg,Person,0.467346939,0.173469388,,,0.667006803,0.406632653
TRAINING,00001057.jpg,Person,0.303389831,0.366412214,,,0.503389831,0.605597964
TRAINING,00001059.jpg,Person,0.289381564,0.08203125,,,0.446907818,0.265625
TRAINING,00001060.jpg,Person,0.565384615,0.084728033,,,0.737692308,0.284518828
TRAINING,00001061.jpg,Person,0.291,0.074,,,0.5555,0.388
TRAINING,00001063.jpg,Person,0.01,0.000719942,,,0.688,0.635709143
TRAINING,00001065.jpg,Person,0.3,0.170483461,,,0.454237288,0.351145038
TRAINING,00001065.jpg,Person,0.481355932,0.150127226,,,0.661016949,0.358778626
TRAINING,00001066.jpg,Person,0.357677903,0.119411765,,,0.537453184,0.324117647
TRAINING,00001067.jpg,Person,0.32,0.081081081,,,0.778,0.624624625
TRAINING,00001071.jpg,Person,0.526666667,0.112565445,,,0.871111111,0.513089005
TRAINING,00001072.jpg,Person,0.265,0.122938531,,,0.566,0.473763118
TRAINING,00001073.jpg,Person,0.405405405,0.023121387,,,0.681681682,0.342967245
TRAINING,00001074.jpg,Person,0.409375,0.064878893,,,0.570625,0.251730104
TRAINING,00001075.jpg,Person,0.356140351,0.037243948,,,0.633333333,0.366852886
TRAINING,00001079.jpg,Person,0.280600462,0.201438849,,,0.513856813,0.472661871
TRAINING,00001081.jpg,Person,0.379174853,0.097345133,,,0.626719057,0.386430678
TRAINING,00001083.jpg,Person,0.358098068,0.075195313,,,0.814264487,0.60546875
TRAINING,00001084.jpg,Person,0.420512821,0.057142857,,,0.597435897,0.260714286
TRAINING,00001085.jpg,Person,0.211875,0.001,,,0.86125,0.629
TRAINING,00001086.jpg,Person,0.25375,0.333333333,,,0.42875,0.537800687
TRAINING,00001087.jpg,Person,0.395507813,0.039531479,,,0.599609375,0.276720351
TRAINING,00001088.jpg,Person,0.388333333,0.275374376,,,0.546111111,0.459234609
TRAINING,00001089.jpg,Person,0.207,0.058470765,,,0.477,0.371814093
TRAINING,00001090.jpg,Person,0.548604427,0.074615385,,,0.659287777,0.206923077
TRAINING,00001091.jpg,Person,0.352,0.000166667,,,0.58975,0.2695
TRAINING,00001092.jpg,Person,0.461666667,0.114285714,,,0.776666667,0.473809524
TRAINING,00001093.jpg,Person,0.353227771,0.021538462,,,0.477466504,0.162307692
TRAINING,00001095.jpg,Person,0.318333333,0.007537688,,,0.981666667,0.713567839
TRAINING,00001097.jpg,Person,0.317692308,0.10031348,,,0.522307692,0.342737722
TRAINING,00001099.jpg,Person,0.001633987,0.00245098,,,0.83496732,0.990196078
TRAINING,00001104.jpg,Person,0.122857143,0.000952381,,,0.862857143,0.702857143
TRAINING,00001105.jpg,Person,0.422851563,0.093841642,,,0.93359375,0.68914956
TRAINING,00001106.jpg,Person,0.307222222,0.329450915,,,0.475555556,0.525790349
TRAINING,00001107.jpg,Person,0.433395872,0.080094229,,,0.557223265,0.224970554
TRAINING,00001108.jpg,Person,0.301666667,0.026252983,,,0.52,0.279236277
TRAINING,00001109.jpg,Person,0.39,0.08630394,,,0.6175,0.356472795
TRAINING,00001112.jpg,Person,0.474576271,0.076142132,,,0.713559322,0.352791878
TRAINING,00001113.jpg,Person,0.376996805,0.004784689,,,1,0.363636364
TRAINING,00001114.jpg,Person,0.310982659,0.230935252,,,0.403468208,0.335251799
TRAINING,00001117.jpg,Person,0.302666667,0.108243131,,,0.696666667,0.567027477
TRAINING,00001119.jpg,Person,0.3325,0.001666667,,,0.595,0.293333333
TRAINING,00001120.jpg,Person,0.209150327,0.034313725,,,0.887254902,0.840686275
TRAINING,00001121.jpg,Person,0.44011976,0.052023121,,,0.637724551,0.285163776
TRAINING,00001123.jpg,Person,0.385,0.257071547,,,0.576666667,0.480033278
TRAINING,00001124.jpg,Person,0.162,0.003003003,,,0.824,0.54954955
TRAINING,00001125.jpg,Person,0.381,0.135325132,,,0.614,0.405975395
TRAINING,00001129.jpg,Person,0.442492013,0.134292566,,,0.731629393,0.470023981
TRAINING,00001130.jpg,Person,0.151095732,0.000769231,,,0.509803922,0.324615385
TRAINING,00001131.jpg,Person,0.270491803,0.062962963,,,0.704918033,0.557407407
TRAINING,00001132.jpg,Person,0.455555556,0.161383285,,,0.82,0.596541787
TRAINING,00001133.jpg,Person,0.373358349,0.001177856,,,0.694183865,0.358068316
TRAINING,00001137.jpg,Person,0.49906367,0.238823529,,,0.656367041,0.422352941
TRAINING,00001138.jpg,Person,0.18373494,0.005780347,,,0.728915663,0.626204239
TRAINING,00001139.jpg,Person,0.435714286,0.055238095,,,0.724285714,0.39047619
TRAINING,00001140.jpg,Person,0.434,0.12143928,,,0.652,0.376311844
TRAINING,00001144.jpg,Person,0.277153558,0.28,,,0.595505618,0.6475
TRAINING,00001147.jpg,Person,0.248,0.179640719,,,0.416,0.371257485
TRAINING,00001148.jpg,Person,0.357625845,0.3065,,,0.56649136,0.5495
TRAINING,00001149.jpg,Person,0.416865553,0.131538462,,,0.581543357,0.323846154
TRAINING,00001151.jpg,Person,0.357625845,0.3065,,,0.56649136,0.5495
TRAINING,00001152.jpg,Person,0.416865553,0.131538462,,,0.581543357,0.323846154
TRAINING,00001154.jpg,Person,0.180664063,0.054093567,,,0.830078125,0.808479532
TRAINING,00001155.jpg,Person,0.356923077,0.230125523,,,0.633076923,0.543933054
TRAINING,00001156.jpg,Person,0.455555556,0.161383285,,,0.82,0.596541787
TRAINING,00001158.jpg,Person,0.373358349,0.001177856,,,0.694183865,0.358068316
TRAINING,00001159.jpg,Person,0.409179688,0.134897361,,,0.752929688,0.527859238
TRAINING,00001161.jpg,Person,0.18373494,0.005780347,,,0.728915663,0.626204239
TRAINING,00001162.jpg,Person,0.381,0.135325132,,,0.614,0.405975395
TRAINING,00001163.jpg,Person,0.2675,0.024850043,,,0.71375,0.556126821
TRAINING,00001164.jpg,Person,0.659375,0.079584775,,,0.76375,0.204152249
TRAINING,00001165.jpg,Person,0.115454545,0.378640777,,,0.215454545,0.493932039
TRAINING,00001165.jpg,Person,0.469090909,0.050970874,,,0.575454545,0.175970874
TRAINING,00001165.jpg,Person,0.284545455,0.004854369,,,0.405454545,0.150485437
TRAINING,00001165.jpg,Person,0.591818182,0.341019417,,,0.69,0.455097087
TRAINING,00001165.jpg,Person,0.783636364,0.372572816,,,0.880909091,0.486650485
TRAINING,00001165.jpg,Person,0.358181818,0.650485437,,,0.45,0.757281553
TRAINING,00001167.jpg,Person,0.442492013,0.134292566,,,0.731629393,0.470023981
TRAINING,00001168.jpg,Person,0.361431871,0.094615385,,,0.575057737,0.342307692
TRAINING,00001169.jpg,Person,0.331292517,0.108163265,,,0.659183673,0.481632653
TRAINING,00001170.jpg,Person,0.331538462,0.144200627,,,0.613076923,0.4723093
TRAINING,00001171.jpg,Person,0.326979472,0.247070313,,,0.521994135,0.469726563
TRAINING,00001175.jpg,Person,0.375,0.080952381,,,0.651666667,0.402380952
TRAINING,00001176.jpg,Person,0.522222222,0.162222222,,,0.666666667,0.33
TRAINING,00001177.jpg,Person,0.59970015,0.066,,,0.767616192,0.262
TRAINING,00001178.jpg,Person,0.36,0.162810626,,,0.660625,0.513281919
TRAINING,00001179.jpg,Person,0.505,0.073033708,,,0.76375,0.372659176
TRAINING,00001180.jpg,Person,0.110311751,0.075079872,,,0.611510791,0.658146965
TRAINING,00001182.jpg,Person,0.461893764,0.16618705,,,0.551963048,0.270503597
TRAINING,00001184.jpg,Person,0.341796875,0.191800878,,,0.525390625,0.40556369
TRAINING,00001186.jpg,Person,0.410666667,0.084864392,,,0.602,0.307086614
TRAINING,00001188.jpg,Person,0.351351351,0.046242775,,,0.567567568,0.300578035
TRAINING,00001190.jpg,Person,0.207627119,0.002941176,,,0.56779661,0.408823529
TRAINING,00001191.jpg,Person,0.421,0.077030812,,,0.674,0.37254902
TRAINING,00001192.jpg,Person,0.486153846,0.219435737,,,0.767692308,0.54754441
TRAINING,00001193.jpg,Person,0.16625,0.151202749,,,0.48,0.517182131
TRAINING,00001195.jpg,Person,0.165384615,0.080831409,,,0.435384615,0.394919169
TRAINING,00001196.jpg,Person,0.575305292,0.095918367,,,0.746947083,0.295918367
TRAINING,00001198.jpg,Person,0.450146628,0.061523438,,,0.568914956,0.200195313
TRAINING,00001199.jpg,Person,0.330769231,0.110714286,,,0.741025641,0.596428571
TRAINING,00001203.jpg,Person,0.474474474,0.131021195,,,0.66966967,0.360308285
TRAINING,00001204.jpg,Person,0.37,0.002998501,,,0.752,0.427286357
TRAINING,00001205.jpg,Person,0.336,0.154666667,,,0.772,0.662666667
TRAINING,00001208.jpg,Person,0.583333333,0.117777778,,,0.691666667,0.244444444
TRAINING,00001209.jpg,Person,0.3325,0.121993127,,,0.685,0.530927835
TRAINING,00001210.jpg,Person,0.386666667,0.03,,,0.615555556,0.296666667
TRAINING,00001212.jpg,Person,0.439542484,0.104018913,,,0.638888889,0.342789598
TRAINING,00001215.jpg,Person,0.436563437,0.089375,,,0.547452547,0.21875
TRAINING,00001216.jpg,Person,0.427966102,0.008474576,,,0.669491525,0.274011299
TRAINING,00001219.jpg,Person,0.408408408,0.21194605,,,0.555555556,0.385356455
TRAINING,00001221.jpg,Person,0.439446367,0.09,,,0.62745098,0.308
TRAINING,00001222.jpg,Person,0.60875,0.093812375,,,0.8675,0.389221557
TRAINING,00001223.jpg,Person,0.36,0.059230769,,,0.660769231,0.409230769
TRAINING,00001225.jpg,Person,0.272307692,0.060606061,,,0.495384615,0.319749216
TRAINING,00001228.jpg,Person,0.533333333,0.042857143,,,0.869230769,0.432142857
TRAINING,00001231.jpg,Person,0.448,0.207490637,,,0.712,0.514606742
TRAINING,00001233.jpg,Person,0.337331334,0.063,,,0.697151424,0.481
TRAINING,00001234.jpg,Person,0.32,0.213058419,,,0.6475,0.585910653
TRAINING,00001235.jpg,Person,0.311666667,0.002386635,,,0.988333333,0.596658711
TRAINING,00001236.jpg,Person,0.298333333,0.02,,,0.593333333,0.362222222
TRAINING,00001237.jpg,Person,0.409230769,0.088919289,,,0.618461538,0.326949384
TRAINING,00001238.jpg,Person,0.032226563,0.032210835,,,0.48046875,0.554904832
TRAINING,00001239.jpg,Person,0.476905312,0.210791367,,,0.585450346,0.34028777
TRAINING,00001240.jpg,Person,0.396,0.232309746,,,0.596,0.459279039
TRAINING,00001243.jpg,Person,0.419825073,0.110714286,,,0.61516035,0.335714286
TRAINING,00001244.jpg,Person,0.374,0.153777778,,,0.5875,0.401777778
TRAINING,00001246.jpg,Person,0.35,0.076372315,,,0.601666667,0.377088305
TRAINING,00001247.jpg,Person,0.33875,0.181488203,,,0.65875,0.555353902
TRAINING,00001248.jpg,Person,0.472502806,0.17,,,0.630751964,0.353
TRAINING,00001249.jpg,Person,0.211864407,0.016835017,,,0.639830508,0.515151515
TRAINING,00001251.jpg,Person,0.522464698,0.081,,,0.631578947,0.207
TRAINING,00001252.jpg,Person,0.419825073,0.110714286,,,0.61516035,0.335714286
TRAINING,00001253.jpg,Person,0.258785942,0.241214058,,,0.608626198,0.6485623
TRAINING,00001254.jpg,Person,0.409230769,0.088919289,,,0.618461538,0.326949384
TRAINING,00001255.jpg,Person,0.4525,0.118198874,,,0.72875,0.433395872
TRAINING,00001259.jpg,Person,0.540666667,0.089918256,,,0.906,0.514986376
TRAINING,00001260.jpg,Person,0.325259516,0.05971223,,,0.626297578,0.402158273
TRAINING,00001264.jpg,Person,0.37182448,0.483076923,,,0.609699769,0.76
TRAINING,00001266.jpg,Person,0.238562092,0.093078759,,,0.759803922,0.69928401
TRAINING,00001267.jpg,Person,0.396,0.232309746,,,0.596,0.459279039
TRAINING,00001270.jpg,Person,0.389230769,0.026150628,,,0.764615385,0.453974895
TRAINING,00001271.jpg,Person,0.457271364,0.17,,,0.55922039,0.289
TRAINING,00001272.jpg,Person,0.334210526,0.132142857,,,0.8,0.675
TRAINING,00001273.jpg,Person,0.24940048,0.111821086,,,0.57793765,0.493610224
TRAINING,00001275.jpg,Person,0.28099839,0.125490196,,,0.456521739,0.330065359
TRAINING,00001276.jpg,Person,0.23875,0.001876173,,,0.84625,0.649155722
TRAINING,00001277.jpg,Person,0.406,0.230974633,,,0.564,0.40987984
TRAINING,00001278.jpg,Person,0.526666667,0.123425693,,,0.84,0.481108312
TRAINING,00001279.jpg,Person,0.358851675,0.228571429,,,0.708133971,0.642857143
TRAINING,00001280.jpg,Person,0.344036697,0.057142857,,,0.52293578,0.264285714
TRAINING,00001281.jpg,Person,0.273076923,0.102403344,,,0.531538462,0.403343783
TRAINING,00001282.jpg,Person,0.561561562,0.038535645,,,0.684684685,0.179190751
TRAINING,00001284.jpg,Person,0.232307692,0.045191194,,,0.496923077,0.35225956
TRAINING,00001284.jpg,Person,0.593076923,0.047508691,,,0.846153846,0.341830823
TRAINING,00001286.jpg,Person,0.502,0.202095808,,,0.69,0.420658683
TRAINING,00001287.jpg,Person,0.3075,0.035989717,,,0.6825,0.472150814
TRAINING,00001288.jpg,Person,0.364,0.072,,,0.584,0.325333333
TRAINING,00001289.jpg,Person,0.232835821,0.12,,,0.690547264,0.641538462
TRAINING,00001293.jpg,Person,0.311501597,0.14354067,,,0.638977636,0.533492823
TRAINING,00001295.jpg,Person,0.170894526,0.250800427,,,0.287049399,0.385272145
TRAINING,00001295.jpg,Person,0.028037383,0.281750267,,,0.133511348,0.403415155
TRAINING,00001295.jpg,Person,0.331108144,0.197438634,,,0.437917223,0.321237994
TRAINING,00001295.jpg,Person,0.659546061,0.187833511,,,0.778371162,0.328708645
TRAINING,00001295.jpg,Person,0.473965287,0.248665955,,,0.595460614,0.389541089
TRAINING,00001296.jpg,Person,0.226,0.163418291,,,0.484,0.463268366
TRAINING,00001297.jpg,Person,0.421666667,0.071599045,,,0.601666667,0.281622912
TRAINING,00001299.jpg,Person,0.422,0.101333333,,,0.736,0.466666667
TRAINING,00001301.jpg,Person,0.142857143,0.135714286,,,0.436363636,0.478571429
TRAINING,00001302.jpg,Person,0.12625,0.171052632,,,0.5725,0.689849624
TRAINING,00001305.jpg,Person,0.21,0.168591224,,,0.385384615,0.374133949
TRAINING,00001305.jpg,Person,0.365384615,0.257505774,,,0.537692308,0.458429561
TRAINING,00001305.jpg,Person,0.441538462,0.096997691,,,0.616923077,0.306004619
TRAINING,00001306.jpg,Person,0.255,0.085918854,,,0.636666667,0.539379475
TRAINING,00001307.jpg,Person,0.403,0.070464768,,,0.691,0.3988006
TRAINING,00001308.jpg,Person,0.448922212,0.091764706,,,0.603561387,0.267647059
TRAINING,00001311.jpg,Person,0.194293478,0.08492569,,,0.739130435,0.719745223
TRAINING,00001312.jpg,Person,0.423576424,0.22875,,,0.682317682,0.523125
TRAINING,00001313.jpg,Person,0.337243402,0.067382813,,,0.696480938,0.4765625
TRAINING,00001315.jpg,Person,0.226415094,0.006666667,,,0.682148041,0.537777778
TRAINING,00001316.jpg,Person,0.167731629,0.007177033,,,0.861022364,0.368421053
TRAINING,00001317.jpg,Person,0.600769231,0.093096234,,,0.776153846,0.292887029
TRAINING,00001319.jpg,Person,0.435435435,0.088631985,,,0.660660661,0.346820809
TRAINING,00001320.jpg,Person,0.192082111,0.000977517,,,0.856304985,0.68914956
TRAINING,00001323.jpg,Person,0.350383632,0.075,,,0.631713555,0.403571429
TRAINING,00001324.jpg,Person,0.454,0.098950525,,,0.629,0.304347826
TRAINING,00001325.jpg,Person,0.067692308,0.001046025,,,0.921538462,0.925732218
TRAINING,00001326.jpg,Person,0.207667732,0.083932854,,,0.484025559,0.412470024
TRAINING,00001327.jpg,Person,0.273076923,0.095384615,,,0.531538462,0.396153846
TRAINING,00001329.jpg,Person,0.231666667,0.002380952,,,0.46,0.133333333
TRAINING,00001330.jpg,Person,0.205,0.052532833,,,0.5625,0.469043152
TRAINING,00001332.jpg,Person,0.395,0.003225806,,,0.626666667,0.269354839
TRAINING,00001333.jpg,Person,0.602,0.100449775,,,0.835,0.371814093
TRAINING,00001335.jpg,Person,0.469617404,0.093,,,0.585896474,0.2285
TRAINING,00001337.jpg,Person,0.400769231,0.162133891,,,0.728461538,0.543933054
TRAINING,00001339.jpg,Person,0.363333333,0.050119332,,,0.551666667,0.264916468
TRAINING,00001340.jpg,Person,0.271354167,0.195659722,,,0.529947917,0.496527778
TRAINING,00001341.jpg,Person,0.391875,0.111495246,,,0.5425,0.286949006
TRAINING,00001343.jpg,Person,0.41367713,0.075,,,0.689461883,0.396
TRAINING,00001344.jpg,Person,0.168478261,0.176811594,,,0.395652174,0.442028986
TRAINING,00001347.jpg,Person,0.451800232,0.058461538,,,0.602787456,0.233846154
TRAINING,00001348.jpg,Person,0.600625,0.057412168,,,0.7075,0.181662382
TRAINING,00001350.jpg,Person,0.403333333,0.052222222,,,0.53,0.198888889
TRAINING,00001351.jpg,Person,0.464128843,0.19921875,,,0.573938507,0.326171875
TRAINING,00001352.jpg,Person,0.425574426,0.2575,,,0.608391608,0.47125
TRAINING,00001353.jpg,Person,0.2855,0.070517629,,,0.659,0.504876219
TRAINING,00001354.jpg,Person,0.4355,0.07651913,,,0.694,0.377344336
TRAINING,00001355.jpg,Person,0.209375,0.000856898,,,0.7175,0.574978578
TRAINING,00001356.jpg,Person,0.32375,0.088180113,,,0.65125,0.470919325
TRAINING,00001357.jpg,Person,0.217090069,0.204615385,,,0.323325635,0.329230769
TRAINING,00001357.jpg,Person,0.648960739,0.298461538,,,0.763279446,0.430769231
TRAINING,00001358.jpg,Person,0.312307692,0.087866109,,,0.662307692,0.494769874
TRAINING,00001359.jpg,Person,0.225239617,0.251798561,,,0.468051118,0.534772182
TRAINING,00001360.jpg,Person,0.378,0.07651913,,,0.631,0.377344336
TRAINING,00001363.jpg,Person,0.416992188,0.075520833,,,0.592773438,0.279947917
TRAINING,00001363.jpg,Person,0.712890625,0.236979167,,,0.833984375,0.377604167
TRAINING,00001363.jpg,Person,0.215820313,0.251302083,,,0.32421875,0.377604167
TRAINING,00001364.jpg,Person,0.384,0.249262537,,,0.593,0.492625369
TRAINING,00001365.jpg,Person,0.395,0.190930788,,,0.6,0.424821002
TRAINING,00001366.jpg,Person,0.33625,0.158450704,,,0.62375,0.485915493
TRAINING,00001368.jpg,Person,0.458,0.088392857,,,0.637333333,0.297321429
TRAINING,00001369.jpg,Person,0.324884793,0.32,,,0.562211982,0.596923077
TRAINING,00001370.jpg,Person,0.453453453,0.032755299,,,0.678678679,0.290944123
TRAINING,00001371.jpg,Person,0.169230769,0.057708162,,,0.785714286,0.775762572
TRAINING,00001372.jpg,Person,0.355555556,0.066666667,,,0.477777778,0.207142857
TRAINING,00001373.jpg,Person,0.417637271,0.097777778,,,0.534109817,0.235555556
TRAINING,00001374.jpg,Person,0.287369641,0.16,,,0.505214368,0.413846154
TRAINING,00001376.jpg,Person,0.2675,0.203225806,,,0.4775,0.44516129
TRAINING,00001377.jpg,Person,0.370424597,0.026367188,,,0.592972182,0.286132813
TRAINING,00001379.jpg,Person,0.255555556,0.094166667,,,0.468888889,0.3425
TRAINING,00001380.jpg,Person,0.449,0.288666667,,,0.649,0.521333333
TRAINING,00001381.jpg,Person,0.411,0.080270068,,,0.654,0.363090773
TRAINING,00001382.jpg,Person,0.387429644,0.0562463,,,0.552532833,0.248075784
TRAINING,00001383.jpg,Person,0.312,0.032666667,,,0.778,0.575333333
TRAINING,00001384.jpg,Person,0.308450704,0.157226563,,,0.595774648,0.4921875
TRAINING,00001385.jpg,Person,0.575539568,0.199047619,,,0.684892086,0.323809524
TRAINING,00001386.jpg,Person,0.178947368,0.002304147,,,0.897368421,0.799539171
TRAINING,00001387.jpg,Person,0.250680272,0.117857143,,,0.498979592,0.401020408
TRAINING,00001388.jpg,Person,0.20875,0.114285714,,,0.57375,0.53015873
TRAINING,00001389.jpg,Person,0.328804348,0.047508691,,,0.815217391,0.614136732
TRAINING,00001390.jpg,Person,0.458083832,0.073217726,,,0.691616766,0.33911368
TRAINING,00001391.jpg,Person,0.32,0.052083333,,,0.422222222,0.173611111
TRAINING,00001392.jpg,Person,0.406,0.386666667,,,0.61,0.624
TRAINING,00001395.jpg,Person,0.189,0.00149925,,,1,0.997001499
TRAINING,00001396.jpg,Person,0.513071895,0.105263158,,,0.959150327,0.637651822
TRAINING,00001397.jpg,Person,0.430735931,0.110714286,,,0.822510823,0.557142857
TRAINING,00001398.jpg,Person,0.209230769,0.04613936,,,0.779230769,0.693973635
TRAINING,00001399.jpg,Person,0.193995381,0.107692308,,,0.496535797,0.450769231
TRAINING,00001400.jpg,Person,0.27,0.133533383,,,0.513,0.416354089
TRAINING,00001401.jpg,Person,0.435416667,0.415277778,,,0.541666667,0.540277778
TRAINING,00001402.jpg,Person,0.344217687,0.05255102,,,0.448639456,0.171428571
TRAINING,00001402.jpg,Person,0.52585034,0.093877551,,,0.621768707,0.205102041
TRAINING,00001403.jpg,Person,0.375714286,0.18,,,0.598571429,0.439047619
TRAINING,00001404.jpg,Person,0.355,0.097777778,,,0.473333333,0.235555556
TRAINING,00001405.jpg,Person,0.383647799,0.297777778,,,0.534591195,0.473333333
TRAINING,00001406.jpg,Person,0.1640625,0.15625,,,0.78515625,0.87890625
TRAINING,00001407.jpg,Person,0.249266862,0.040843215,,,0.556207234,0.397891963
TRAINING,00001409.jpg,Person,0.44625,0.216494845,,,0.5625,0.352233677
TRAINING,00001410.jpg,Person,0.385,0.3496,,,0.589,0.5872
TRAINING,00001411.jpg,Person,0.43627451,0.240121581,,,0.789215686,0.647416413
TRAINING,00001413.jpg,Person,0.383076923,0.088148874,,,0.647692308,0.3956905
TRAINING,00001415.jpg,Person,0.389411765,0.1859375,,,0.709411765,0.559375
TRAINING,00001416.jpg,Person,0.258258258,0.050096339,,,0.468468468,0.292870906
TRAINING,00001417.jpg,Person,0.226973684,0.027093596,,,0.695723684,0.571428571
TRAINING,00001418.jpg,Person,0.469734513,0.094878452,,,0.588672566,0.233183857
TRAINING,00001419.jpg,Person,0.33078203,0.03877551,,,0.787021631,0.569387755
TRAINING,00001420.jpg,Person,0.4175,0.135,,,0.6125,0.363333333
TRAINING,00001421.jpg,Person,0.488125,0.132110092,,,0.735625,0.420183486
TRAINING,00001422.jpg,Person,0.515742129,0.25,,,0.71964018,0.493
TRAINING,00001423.jpg,Person,0.506091846,0.105882353,,,0.629803187,0.25
TRAINING,00001424.jpg,Person,0.428705441,0.461875,,,0.693245779,0.769375
TRAINING,00001425.jpg,Person,0.69609375,0.23915592,,,0.853125,0.422039859
TRAINING,00001426.jpg,Person,0.394,0.324,,,0.578,0.537333333
TRAINING,00001427.jpg,Person,0.348717949,0.089285714,,,0.607692308,0.389285714
TRAINING,00001428.jpg,Person,0.340677966,0.100564972,,,0.647457627,0.458757062
TRAINING,00001430.jpg,Person,0.366171004,0.150326797,,,0.615241636,0.437908497
TRAINING,00001431.jpg,Person,0.428,0.229385307,,,0.661,0.500749625
TRAINING,00001432.jpg,Person,0.42125,0.162264151,,,0.805,0.616981132
TRAINING,00001433.jpg,Person,0.393764434,0.085384615,,,0.58891455,0.313076923
TRAINING,00001435.jpg,Person,0.143076923,0.001218027,,,0.806923077,0.696711328
TRAINING,00001436.jpg,Person,0.387096774,0.1245,,,0.629407352,0.4125
TRAINING,00001438.jpg,Person,0.20625,0.132291667,,,0.4546875,0.419791667
TRAINING,00001439.jpg,Person,0.387387387,0.198458574,,,0.555555556,0.393063584
TRAINING,00001440.jpg,Person,0.312727273,0.219711726,,,0.594545455,0.547721075
TRAINING,00001441.jpg,Person,0.337414966,0.063265306,,,0.638095238,0.413265306
TRAINING,00001442.jpg,Person,0.230434783,0.002673797,,,0.967391304,0.700534759
TRAINING,00001443.jpg,Person,0.54125,0.051082251,,,0.716875,0.255411255
TRAINING,00001445.jpg,Person,0.603333333,0.021666667,,,0.741666667,0.186666667
TRAINING,00001446.jpg,Person,0.4,0.062146893,,,0.676271186,0.383050847
TRAINING,00001448.jpg,Person,0.413125,0.195205479,,,0.67125,0.496575342
TRAINING,00001450.jpg,Person,0.338823529,0.2765625,,,0.571764706,0.5421875
TRAINING,00001452.jpg,Person,0.571321321,0.064705882,,,0.808558559,0.341176471
TRAINING,00001453.jpg,Person,0.407226563,0.088541667,,,0.602539063,0.31640625
TRAINING,00001455.jpg,Person,0.485514486,0.155,,,0.579420579,0.26375
TRAINING,00001456.jpg,Person,0.410794603,0.047,,,0.664167916,0.335
TRAINING,00001457.jpg,Person,0.326789838,0.166153846,,,0.443418014,0.298461538
TRAINING,00001458.jpg,Person,0.563076923,0.260969977,,,0.852307692,0.591224018
TRAINING,00001459.jpg,Person,0.419934641,0.239175258,,,0.616013072,0.465979381
TRAINING,00001460.jpg,Person,0.325373134,0.022222222,,,0.708955224,0.466666667
TRAINING,00001461.jpg,Person,0.673828125,0.0390625,,,0.896484375,0.296875
TRAINING,00001461.jpg,Person,0.51953125,0.140625,,,0.724609375,0.3828125
TRAINING,00001461.jpg,Person,0.208984375,0.482421875,,,0.376953125,0.677734375
TRAINING,00001463.jpg,Person,0.339,0.035232384,,,0.6815,0.434032984
TRAINING,00001465.jpg,Person,0.421875,0.116483516,,,0.72265625,0.466666667
TRAINING,00001468.jpg,Person,0.46,0.131264916,,,0.981666667,0.737470167
TRAINING,00001469.jpg,Person,0.504285714,0.033333333,,,0.625714286,0.174285714
TRAINING,00001470.jpg,Person,0.353846154,0.241699219,,,0.781684982,0.739257813
TRAINING,00001472.jpg,Person,0.383,0.000666667,,,1,0.702666667
TRAINING,00001473.jpg,Person,0.245923913,0.123641304,,,0.743206522,0.702445652
TRAINING,00001474.jpg,Person,0.020947177,0.478142077,,,0.215846995,0.706284153
TRAINING,00001474.jpg,Person,0.759562842,0.506830601,,,0.950819672,0.729508197
TRAINING,00001474.jpg,Person,0.663023679,0.459016393,,,0.820582878,0.637978142
TRAINING,00001474.jpg,Person,0.180327869,0.183060109,,,0.335154827,0.363387978
TRAINING,00001474.jpg,Person,0.114754098,0.045081967,,,0.258652095,0.213114754
TRAINING,00001474.jpg,Person,0.756830601,0.105191257,,,0.901639344,0.273224044
TRAINING,00001474.jpg,Person,0.850637523,0.233606557,,,0.991803279,0.401639344
TRAINING,00001474.jpg,Person,0.14298725,0.695355191,,,0.370673953,0.960382514
TRAINING,00001475.jpg,Person,0.38125,0.080827068,,,0.695,0.447368421
TRAINING,00001476.jpg,Person,0.389705882,0.16503268,,,0.600490196,0.408496732
TRAINING,00001477.jpg,Person,0.31175,0.086166667,,,0.62575,0.451666667
TRAINING,00001479.jpg,Person,0.4425,0.06940874,,,0.606875,0.265638389
TRAINING,00001480.jpg,Person,0.342,0.148425787,,,0.839,0.740629685
TRAINING,00001481.jpg,Person,0.26,0.140877598,,,0.529230769,0.454965358
TRAINING,00001482.jpg,Person,0.32987013,0.040935673,,,0.606493506,0.37037037
TRAINING,00001482.jpg,Person,0.645454545,0.286549708,,,0.898701299,0.580896686
TRAINING,00001483.jpg,Person,0.1625,0.006896552,,,0.895833333,0.843103448
TRAINING,00001484.jpg,Person,0.495,0.308823529,,,0.915,0.797794118
TRAINING,00001485.jpg,Person,0.4169279,0.211111111,,,0.686520376,0.524444444
TRAINING,00001487.jpg,Person,0.395,0.083870968,,,0.6025,0.327419355
TRAINING,00001488.jpg,Person,0.113076923,0.001154734,,,1,0.988452656
TRAINING,00001491.jpg,Person,0.280272109,0.051020408,,,0.527891156,0.33877551
TRAINING,00001492.jpg,Person,0.603409091,0.259090909,,,0.817045455,0.501515152
TRAINING,00001492.jpg,Person,0.15,0.246969697,,,0.342045455,0.46969697
TRAINING,00001492.jpg,Person,0.379545455,0.057575758,,,0.529545455,0.233333333
TRAINING,00001493.jpg,Person,0.386,0.070539419,,,0.623333333,0.35373444
TRAINING,00001494.jpg,Person,0.68,0.065625,,,0.864444444,0.28125
TRAINING,00001497.jpg,Person,0.208333333,0.077380952,,,0.573333333,0.511904762
TRAINING,00001499.jpg,Person,0.28,0.041745731,,,0.58125,0.392789374
VALIDATION,00002608.jpg,Person,0.5605,0.303075769,,,0.774,0.546136534
VALIDATION,00002608.jpg,Person,0.376,0.167291823,,,0.5555,0.375843961
VALIDATION,00002608.jpg,Person,0.457,0.442610653,,,0.629,0.642910728
VALIDATION,00002610.jpg,Person,0.555664063,0.246334311,,,0.682617188,0.394428152
VALIDATION,00002610.jpg,Person,0.193359375,0.107038123,,,0.325195313,0.258064516
VALIDATION,00002611.jpg,Person,0.186695279,0.137142857,,,0.276824034,0.241428571
VALIDATION,00002611.jpg,Person,0.67167382,0.097142857,,,0.768240343,0.21
VALIDATION,00002613.jpg,Person,0.1845,0.243060765,,,0.492,0.600150038
VALIDATION,00002613.jpg,Person,0.438,0.285821455,,,0.7325,0.628657164
VALIDATION,00002615.jpg,Person,0.337890625,0.269794721,,,0.489257813,0.445747801
VALIDATION,00002617.jpg,Person,0.623888889,0.306666667,,,0.837777778,0.555
VALIDATION,00002618.jpg,Person,0.42745098,0.129411765,,,0.762745098,0.520588235
VALIDATION,00002619.jpg,Person,0.76171875,0.166910688,,,0.95703125,0.393850659
VALIDATION,00002619.jpg,Person,0.553710938,0.064421669,,,0.762695313,0.307467057
VALIDATION,00002619.jpg,Person,0.453125,0.140556369,,,0.614257813,0.332357247
VALIDATION,00002620.jpg,Person,0.481875,0.100257069,,,0.855625,0.53470437
VALIDATION,00002620.jpg,Person,0.16375,0.005141388,,,0.5625,0.430162811
VALIDATION,00002621.jpg,Person,0.225714286,0.215714286,,,0.404761905,0.424285714
VALIDATION,00002621.jpg,Person,0.402857143,0.242857143,,,0.594285714,0.465714286
VALIDATION,00002622.jpg,Person,0.55875,0.581613508,,,0.73875,0.789868668
VALIDATION,00002622.jpg,Person,0.45125,0.303939962,,,0.6225,0.504690432
VALIDATION,00002622.jpg,Person,0.19625,0.198874296,,,0.37125,0.403377111
VALIDATION,00002624.jpg,Person,0.246732026,0.240196078,,,0.429738562,0.448529412
VALIDATION,00002625.jpg,Person,0.3984375,0.1421875,,,0.549479167,0.31875
VALIDATION,00002625.jpg,Person,0.455729167,0.0515625,,,0.565104167,0.1796875
VALIDATION,00002626.jpg,Person,0.331699346,0.25245098,,,0.687908497,0.669117647
VALIDATION,00002628.jpg,Person,0.602329451,0.136666667,,,0.747088186,0.304444444
VALIDATION,00002628.jpg,Person,0.410981697,0.174444444,,,0.549084859,0.335555556
VALIDATION,00002631.jpg,Person,0.437,0.189047262,,,0.637,0.421605401
VALIDATION,00002633.jpg,Person,0.252,0.211576846,,,0.357333333,0.333333333
VALIDATION,00002633.jpg,Person,0.365333333,0.161676647,,,0.496,0.309381238
VALIDATION,00002633.jpg,Person,0.501333333,0.151696607,,,0.630666667,0.301397206
VALIDATION,00002633.jpg,Person,0.536,0.339321357,,,0.652,0.4750499
VALIDATION,00002634.jpg,Person,0.156156156,0.225433526,,,0.348348348,0.447013487
VALIDATION,00002634.jpg,Person,0.378378378,0.314065511,,,0.573573574,0.541425819
VALIDATION,00002634.jpg,Person,0.582582583,0.233140655,,,0.765765766,0.447013487
VALIDATION,00002636.jpg,Person,0.274414063,0.29136164,,,0.385742188,0.420204978
VALIDATION,00002638.jpg,Person,0.54740958,0.359237537,,,0.723362659,0.564516129
VALIDATION,00002639.jpg,Person,0.561333333,0.27973749,,,0.653333333,0.384741591
VALIDATION,00002640.jpg,Person,0.431372549,0.166666667,,,0.867647059,0.676470588
VALIDATION,00002641.jpg,Person,0.33423913,0.182065217,,,0.654891304,0.555253623
VALIDATION,00002643.jpg,Person,0.43318649,0.206054688,,,0.637298091,0.443359375
VALIDATION,00002645.jpg,Person,0.116923077,0.246428571,,,0.313846154,0.475
VALIDATION,00002645.jpg,Person,0.532307692,0.25,,,0.723076923,0.471428571
VALIDATION,00002647.jpg,Person,0.415,0.248068006,,,0.643,0.507727975
VALIDATION,00002650.jpg,Person,0.403333333,0.161904762,,,0.859166667,0.692063492
VALIDATION,00002651.jpg,Person,0.382666667,0.396,,,0.596,0.64
VALIDATION,00002651.jpg,Person,0.249333333,0.338,,,0.493333333,0.622
VALIDATION,00002652.jpg,Person,0.655063291,0.129778672,,,0.799050633,0.298792757
VALIDATION,00002653.jpg,Person,0.434,0.097333333,,,0.755,0.470666667
VALIDATION,00002654.jpg,Person,0.376666667,0.175,,,0.997777778,0.898333333
VALIDATION,00002655.jpg,Person,0.23875,0.14025974,,,0.410625,0.34025974
VALIDATION,00002655.jpg,Person,0.46,0.199134199,,,0.631875,0.399134199
VALIDATION,00002655.jpg,Person,0.674375,0.103896104,,,0.85,0.312554113
VALIDATION,00002655.jpg,Person,0.58375,0.116883117,,,0.744375,0.2995671
VALIDATION,00002655.jpg,Person,0.11,0.195670996,,,0.285625,0.395670996
VALIDATION,00002657.jpg,Person,0.394067797,0.127118644,,,0.716101695,0.5
VALIDATION,00002658.jpg,Person,0.175,0.288333333,,,0.3725,0.515
VALIDATION,00002658.jpg,Person,0.575,0.116666667,,,0.7025,0.26
VALIDATION,00002659.jpg,Person,0.522,0.530999271,,,0.646666667,0.675419402
VALIDATION,00002660.jpg,Person,0.309904153,0.136690647,,,0.573482428,0.443645084
VALIDATION,00002662.jpg,Person,0.350769231,0.249422633,,,0.710769231,0.658198614
VALIDATION,00002663.jpg,Person,0.121538462,0.170081967,,,0.423076923,0.520491803
VALIDATION,00002845.jpg,Person,0.511,0.245333333,,,0.616,0.367333333
VALIDATION,00002846.jpg,Person,0.326271186,0.132768362,,,0.546610169,0.384180791
VALIDATION,00002847.jpg,Person,0.322857143,0.217142857,,,0.642857143,0.582857143
VALIDATION,00002848.jpg,Person,0.391691395,0.064444444,,,0.522255193,0.215555556
TEST,00002850.jpg,Person,0.359339835,0.09,,,0.520630158,0.2775
TEST,00002851.jpg,Person,0.049285714,0.177664975,,,0.582857143,0.799492386
TEST,00002852.jpg,Person,0.2225,0.203389831,,,0.7225,0.785310734
TEST,00002853.jpg,Person,0.308737864,0.245310245,,,0.430097087,0.386724387
TEST,00002853.jpg,Person,0.425242718,0.253968254,,,0.552427184,0.401154401
TEST,00002853.jpg,Person,0.582524272,0.266955267,,,0.711650485,0.418470418
TEST,00002854.jpg,Person,0.25,0.003333333,,,0.872222222,0.681666667
TEST,00002855.jpg,Person,0.362962963,0.081944444,,,0.728703704,0.515277778
TEST,00002855.jpg,Person,0.578703704,0.227777778,,,0.866666667,0.5625
TEST,00002856.jpg,Person,0.433006536,0.289215686,,,0.727124183,0.632352941
TEST,00002857.jpg,Person,0.267973856,0.31372549,,,0.501633987,0.583333333
TEST,00002857.jpg,Person,0.549019608,0.115196078,,,0.825163399,0.443627451
TEST,00002857.jpg,Person,0.326797386,0.348039216,,,0.56372549,0.625
TEST,00002857.jpg,Person,0.392156863,0.37745098,,,0.635620915,0.659313725
TEST,00002857.jpg,Person,0.001633987,0.161764706,,,0.235294118,0.519607843
TEST,00002857.jpg,Person,0.607843137,0.110294118,,,0.950980392,0.534313725
TEST,00002857.jpg,Person,0.147058824,0.191176471,,,0.35620915,0.424019608
TEST,00002858.jpg,Person,0.32,0.098412698,,,0.805714286,0.663492063
TEST,00002860.jpg,Person,0.753333333,0.237037037,,,0.855555556,0.355555556
TEST,00002860.jpg,Person,0.533333333,0.082962963,,,0.631111111,0.197037037
TEST,00002860.jpg,Person,0.087777778,0.168888889,,,0.206666667,0.308148148
TEST,00002863.jpg,Person,0.675833333,0.359493671,,,0.769166667,0.46835443
TEST,00002866.jpg,Person,0.53375,0.118333333,,,0.7875,0.418333333
TEST,00002866.jpg,Person,0.69875,0.02,,,1,0.385
TEST,00002866.jpg,Person,0.6375,0.711666667,,,0.75375,0.846666667
TEST,00002866.jpg,Person,0.76875,0.778333333,,,0.86875,0.895
TEST,00002867.jpg,Person,0.425,0.158333333,,,0.596875,0.358333333
TEST,00002868.jpg,Person,0.37,0.125,,,0.8075,0.645
TEST,00002869.jpg,Person,0.334801762,0.124023438,,,0.57856094,0.400390625
TEST,00002871.jpg,Person,0.263403263,0.177697842,,,0.378787879,0.31294964
TEST,00002871.jpg,Person,0.553613054,0.44028777,,,0.678321678,0.584892086
TEST,00002872.jpg,Person,0.060784314,0.191176471,,,0.749019608,0.973529412
TEST,00002874.jpg,Person,0.242675781,0.284667969,,,0.565429688,0.66015625
TEST,00002875.jpg,Person,0.355555556,0.122047244,,,0.633333333,0.440944882
TEST,00002876.jpg,Person,0.441428571,0.349036403,,,0.628571429,0.56745182
TEST,00002876.jpg,Person,0.502857143,0.083511777,,,0.641428571,0.244111349
TEST,00002877.jpg,Person,0.2944,0.06034713,,,0.486,0.283311081
TEST,00002877.jpg,Person,0.4088,0.236582109,,,0.596,0.449933244
TEST,00002878.jpg,Person,0.404891304,0.380368098,,,0.610054348,0.617586912
TEST,00002880.jpg,Person,0.389,0.233893557,,,0.665,0.56302521
TEST,00002883.jpg,Person,0.106770833,0.19140625,,,0.676432292,0.853515625
TEST,00002884.jpg,Person,0.523333333,0.201915403,,,0.723333333,0.434956105
TEST,00002884.jpg,Person,0.699333333,0.21867518,,,0.908,0.461292897
TEST,00002884.jpg,Person,0.193333333,0.105347167,,,0.393333333,0.337589785
TEST,00002884.jpg,Person,0.311333333,0.184357542,,,0.498666667,0.407821229
TEST,00002885.jpg,Person,0.609126984,0.451351351,,,0.732142857,0.591891892
TEST,00002885.jpg,Person,0.357142857,0.194594595,,,0.501984127,0.356756757
TEST,00002885.jpg,Person,0.464285714,0.478378378,,,0.583333333,0.613513514
TEST,00002885.jpg,Person,0.375,0.559459459,,,0.486111111,0.689189189
TEST,00002885.jpg,Person,0.529761905,0.256756757,,,0.654761905,0.402702703
TEST,00002885.jpg,Person,0.279761905,0.435135135,,,0.406746032,0.581081081
TEST,00002887.jpg,Person,0.081914894,0.493383743,,,0.273404255,0.716446125
TEST,00002887.jpg,Person,0.639361702,0.423440454,,,0.85212766,0.667296786
TEST,00002887.jpg,Person,0.4,0.039697543,,,0.675531915,0.361058601
TEST,00002887.jpg,Person,0.174468085,0.189035917,,,0.438297872,0.502835539
TEST,00002889.jpg,Person,0.083984375,0.001464129,,,0.791992188,0.730600293
TEST,00002890.jpg,Person,0.353741497,0.189311594,,,0.63537415,0.517210145
TEST,00002891.jpg,Person,0.415384615,0.171428571,,,0.674358974,0.471428571
TEST,00002892.jpg,Person,0.2925,0.001481481,,,0.970833333,0.765925926
TEST,00002893.jpg,Person,0.181538462,0.202083333,,,0.599230769,0.688541667
TEST,00002893.jpg,Person,0.452307692,0.144791667,,,0.928461538,0.698958333
TEST,00002896.jpg,Person,0.5405,0.233308327,,,0.724,0.44636159
TEST,00002896.jpg,Person,0.2515,0.292573143,,,0.447,0.51987997
TEST,00002897.jpg,Person,0.362745098,0.137254902,,,0.645424837,0.465686275
TEST,00002898.jpg,Person,0.001666667,0.007481297,,,0.835,0.980049875
TEST,00002899.jpg,Person,0.19875,0.17125,,,0.44625,0.45875
TEST,00002902.jpg,Person,0.248148148,0.088888889,,,0.805555556,0.737037037
TEST,00002903.jpg,Person,0.33994709,0.101438492,,,0.497354497,0.284970238
TEST,00002904.jpg,Person,0.471191406,0.271794872,,,0.684570313,0.52014652
TEST,00002908.jpg,Person,0.348968105,0.1075,,,0.686679174,0.5
TEST,00002909.jpg,Person,0.132291667,0.243243243,,,0.35,0.490990991
TEST,00002910.jpg,Person,0.25,0.609375,,,0.397916667,0.78125
TEST,00002910.jpg,Person,0.389583333,0.3625,,,0.577083333,0.578125
TEST,00002910.jpg,Person,0.558333333,0.5,,,0.704166667,0.66875
TEST,00002910.jpg,Person,0.416666667,0.115625,,,0.541666667,0.259375
TEST,00002911.jpg,Person,0.114375,0.077120823,,,0.668125,0.721508141
TEST,00002912.jpg,Person,0.176733781,0.295302013,,,0.399328859,0.560402685
TEST,00002914.jpg,Person,0.571028037,0.187931034,,,0.793457944,0.448275862
TEST,00002916.jpg,Person,0.501154734,0.221582734,,,0.622401848,0.36618705
TEST,00002916.jpg,Person,0.33256351,0.171223022,,,0.457274827,0.31294964
TEST,00002918.jpg,Person,0.531223629,0.245925926,,,0.702953586,0.445925926
TEST,00002919.jpg,Person,0.124,0.053333333,,,0.362,0.331666667
TEST,00002919.jpg,Person,0.001,0.193333333,,,0.156,0.441666667
TEST,00002919.jpg,Person,0.836,0.106666667,,,1,0.371666667
TEST,00002919.jpg,Person,0.339,0.23,,,0.553,0.478333333
TEST,00002919.jpg,Person,0.494,0.165,,,0.752,0.465
TEST,00002920.jpg,Person,0.188476563,0.226138032,,,0.555664063,0.653450808
TEST,00002920.jpg,Person,0.395507813,0.400881057,,,0.696289063,0.757709251
TEST,00002921.jpg,Person,0.373563218,0.170689655,,,0.493103448,0.312068966
TEST,00002922.jpg,Person,0.531105991,0.103846154,,,0.658986175,0.254615385
TEST,00002923.jpg,Person,0.548611111,0.402083333,,,0.752777778,0.639583333
TEST,00002923.jpg,Person,0.494444444,0.179166667,,,0.7125,0.433333333
TEST,00002926.jpg,Person,0.873846154,0.187709497,,,0.976923077,0.303910615
TEST,00002928.jpg,Person,0.686666667,0.506349206,,,0.914166667,0.771428571
TEST,00002930.jpg,Person,0.213483146,0.198342214,,,0.441011236,0.463587922
TEST,00002931.jpg,Person,0.11125,0.63625,,,0.28,0.83125
TEST,00002932.jpg,Person,0.3365,0.05922039,,,0.5405,0.302098951
TEST,00002932.jpg,Person,0.337,0.414542729,,,0.537,0.646926537
TEST,00002934.jpg,Person,0.536752137,0.070909091,,,0.886324786,0.487272727
TEST,00002934.jpg,Person,0.313675214,0.267272727,,,0.607692308,0.609090909
TEST,00002934.jpg,Person,0.030769231,0.169090909,,,0.358974359,0.550909091
TEST,00002937.jpg,Person,0.33496732,0.139705882,,,0.506535948,0.338235294
TEST,00002937.jpg,Person,0.22875817,0.235294118,,,0.333333333,0.355392157
TEST,00002937.jpg,Person,0.802287582,0.18627451,,,0.916666667,0.318627451
TEST,00002938.jpg,Person,0.038181818,0.093851133,,,0.505454545,0.663430421
TEST,00002938.jpg,Person,0.456363636,0.003236246,,,0.770909091,0.355987055
TEST,00002938.jpg,Person,0.434545455,0.28802589,,,0.692727273,0.588996764
TEST,00002938.jpg,Person,0.749090909,0.129449838,,,0.996363636,0.69579288
TEST,00002939.jpg,Person,0.462897527,0.18,,,0.583038869,0.318823529
TEST,00002940.jpg,Person,0.36346516,0.32967033,,,0.452919021,0.434065934
TEST,00002940.jpg,Person,0.540489642,0.330586081,,,0.638418079,0.446886447
TEST,00002941.jpg,Person,0.30387931,0.372857143,,,0.482758621,0.581428571
TEST,00002943.jpg,Person,0.026666667,0.040572792,,,0.58,0.806682578
TEST,00002943.jpg,Person,0.65,0.002386635,,,1,0.517899761
TEST,00002943.jpg,Person,0.26,0.150357995,,,0.793333333,0.770883055
TEST,00002944.jpg,Person,0.407129456,0.20125,,,0.65478424,0.49
TEST,00002945.jpg,Person,0.243518519,0.128148148,,,0.787962963,0.762962963
TEST,00002945.jpg,Person,0.00462963,0.222222222,,,0.464814815,0.962962963
TEST,00002949.jpg,Person,0.378472222,0.205555556,,,0.611111111,0.472222222
TEST,00002952.jpg,Person,0.470769231,0.118110236,,,0.734615385,0.418447694
TEST,00002952.jpg,Person,0.672307692,0.088863892,,,0.948461538,0.402699663
TEST,00002953.jpg,Person,0.629146919,0.113391984,,,0.755924171,0.260997067
TEST,00002954.jpg,Person,0.191685912,0.344615385,,,0.409930716,0.598461538
TEST,00002954.jpg,Person,0.391454965,0.047692308,,,0.609699769,0.295384615
TEST,00002954.jpg,Person,0.638568129,0.388461538,,,0.838337182,0.616153846
TEST,00002956.jpg,Person,0.350100604,0.167146974,,,0.645875252,0.507204611
TEST,00002959.jpg,Person,0.47,0.168253968,,,0.86,0.622222222
TEST,00002960.jpg,Person,0.611666667,0.224444444,,,0.783333333,0.424444444
TEST,00002962.jpg,Person,0.350585938,0.415384615,,,0.632324219,0.736996337
TEST,00002963.jpg,Person,0.794444444,0.06,,,1,0.35
TEST,00002963.jpg,Person,0.588888889,0.085555556,,,0.837222222,0.363333333
TEST,00002963.jpg,Person,0.007222222,0.067777778,,,0.254444444,0.355555556