TRAIN,046d33ac58e9a8e1.jpg,Person,0.330625,0.575,,,0.2658465,0.878232
TRAIN,046d33ac58e9a8e1.jpg,Person,0.399375,0.689166667,,,0.3127605,0.81985
TRAIN,046d33ac58e9a8e1.jpg,Person,0.610625,1.0275,,,0.24520425,0.878232
TRAIN,046d33ac58e9a8e1.jpg,Person,0.74125,1.215833333,,,0.32777325,0.829858
TRAIN,046d33ac58e9a8e1.jpg,Person,0.905,1.3325,,,0.4053375,0.666389
TRAIN,04d9537b0ed0393e.jpg,Person,0.369375,0.969867841,,,0.07695167,0.517404
TRAIN,05d9095d6f5e6187.jpg,Person,0.5225,0.975833333,,,0.12375,0.416667
TRAIN,05d9095d6f5e6187.jpg,Person,0.524375,1.039166667,,,0.44375025,0.970833
TRAIN,05d9095d6f5e6187.jpg,Person,0.545,1.303333333,,,0.208125,0.79
TRAIN,05d9095d6f5e6187.jpg,Person,0.646875,1.14,,,0.013125,0.3425
TRAIN,05d9095d6f5e6187.jpg,Person,0.73625,1.291666667,,,0.43250025,0.966667
TRAIN,05d9095d6f5e6187.jpg,Person,0.843125,1.295,,,0.01562475,0.3925
TRAIN,06750bae69daa610.jpg,Person,0.380469,0.510867223,,,0.39287286,0.587891
TRAIN,06750bae69daa610.jpg,Person,0.407031,0.538217651,,,0.399902344,0.616211
TRAIN,06750bae69daa610.jpg,Person,0.422656,0.582173382,,,0.431925724,0.672852
TRAIN,06750bae69daa610.jpg,Person,0.4875,0.638828464,,,0.394434879,0.59668
TRAIN,06750bae69daa610.jpg,Person,0.526563,0.687667888,,,0.40380779,0.607422
TRAIN,06750bae69daa610.jpg,Person,0.575,0.751159639,,,0.415523329,0.645508
TRAIN,06750bae69daa610.jpg,Person,0.589844,0.761904762,,,0.385843377,0.584961
TRAIN,06750bae69daa610.jpg,Person,0.627344,0.835165148,,,0.392091451,0.597656
TRAIN,06e5c7c4619b015a.jpg,Person,0.124514,0.337541148,,,0.312218845,0.9875
TRAIN,07b5522ab731444f.jpg,Person,0.054375,0.357510854,,,0,0.483333
TRAIN,07b5522ab731444f.jpg,Person,0.17375,0.548306802,,,0,0.410185
TRAIN,07f38ec79c6e3018.jpg,Person,0.684375,1.188269419,,,0.081983193,0.645955
TRAIN,07f38ec79c6e3018.jpg,Person,0.580469,1.041642229,,,0.121803602,0.57796
TRAIN,07f38ec79c6e3018.jpg,Person,0.774219,1.345454921,,,0.099941639,0.720985
TRAIN,07f38ec79c6e3018.jpg,Person,0.802344,1.490909466,,,0.106187533,0.837046
TRAIN,07f38ec79c6e3018.jpg,Person,0.865625,1.472141138,,,0.076517869,0.765533
TRAIN,07f38ec79c6e3018.jpg,Person,0.951563,1.50029363,,,0.081983193,0.798359
TRAIN,09209751acf3fbc7.jpg,Person,0.084375,1.367144949,,,0.143284596,0.650094
TRAIN,094a4c96d9fda1c6.jpg,Person,0,0.450038252,,,0.57640592,0.98
TRAIN,094a4c96d9fda1c6.jpg,Person,0.483085,0.461289093,,,0.67653277,0.995625
TRAIN,0b02f7f3482a11eb.jpg,Person,0.255,1.290833333,,,0,0.923333
TRAIN,116d4cec3527050a.jpg,Person,0.28928,0.641601756,,,0.508076922,0.999023
TRAIN,118760c3e5466de2.jpg,Person,0.131293,0.524740781,,,0.207407407,0.89125
TRAIN,12c97abec1936a15.jpg,Person,0.205,0.559166667,,,0.31187475,0.999167
TRAIN,12c97abec1936a15.jpg,Person,0.32625,0.703333333,,,0.41625,0.775833
TRAIN,12c97abec1936a15.jpg,Person,0.3625,0.696666667,,,0.23687475,0.446667
TRAIN,12c97abec1936a15.jpg,Person,0.36375,0.709166667,,,0.316875,0.989167
TRAIN,12c97abec1936a15.jpg,Person,0.496875,0.835833333,,,0.17750025,0.740833
TRAIN,12c97abec1936a15.jpg,Person,0.536875,0.874166667,,,0.31187475,0.580833
TRAIN,12c97abec1936a15.jpg,Person,0.63875,1.105,,,0.204375,0.999167
TRAIN,12c97abec1936a15.jpg,Person,0.79875,1.251666667,,,0.67437525,0.999167
TRAIN,142d47b0a81cbce8.jpg,Person,0.72625,1.530746269,,,0.259844844,0.943914
TRAIN,142d47b0a81cbce8.jpg,Person,0.000625,0.099104478,,,0.252349219,0.791169
TRAIN,142d47b0a81cbce8.jpg,Person,0.0625,0.234029851,,,0.236109047,0.835322
TRAIN,142d47b0a81cbce8.jpg,Person,0.6325,1.382686567,,,0.220493336,0.920048
TRAIN,15cad56fb5b6281a.jpg,Person,0.216875,1.06228739,,,0.271779664,0.969981
TRAIN,15cad56fb5b6281a.jpg,Person,0.3925,0.658768328,,,0,0.062852
TRAIN,15cad56fb5b6281a.jpg,Person,0.44125,0.723519062,,,0,0.062852
TRAIN,15cad56fb5b6281a.jpg,Person,0.483125,0.792961877,,,0,0.062852
TRAIN,15cad56fb5b6281a.jpg,Person,0.49125,0.840821114,,,0.079971826,0.420263
TRAIN,15cad56fb5b6281a.jpg,Person,0.533125,0.866158358,,,0,0.065666
TRAIN,15cad56fb5b6281a.jpg,Person,0.578125,0.935601173,,,0,0.058161
TRAIN,15cad56fb5b6281a.jpg,Person,0.61125,1.087624633,,,0.023741459,0.424015
TRAIN,15cad56fb5b6281a.jpg,Person,0.715,1.229325513,,,0.072474488,0.522514
TRAIN,15cad56fb5b6281a.jpg,Person,0.719375,1.139237537,,,0,0.060038
TRAIN,15d92c0e064eaa55.jpg,Person,0.200625,0.408550512,,,0.374792248,0.812383
TRAIN,15d92c0e064eaa55.jpg,Person,0.16875,0.324216691,,,0.376669164,0.820826
TRAIN,15d92c0e064eaa55.jpg,Person,0.433125,0.906120059,,,0.37041211,0.731707
TRAIN,15d92c0e064eaa55.jpg,Person,0.635,0.981083455,,,0.40607685,0.65666
TRAIN,15d92c0e064eaa55.jpg,Person,0.654375,1.019502196,,,0.380422996,0.696998
TRAIN,15d92c0e064eaa55.jpg,Person,0.66875,1.026998536,,,0.384177495,0.597561
TRAIN,15d92c0e064eaa55.jpg,Person,0.758125,1.180673499,,,0.376669164,0.639775
TRAIN,15d92c0e064eaa55.jpg,Person,0.78875,1.220966325,,,0.385428772,0.729831
TRAIN,15d92c0e064eaa55.jpg,Person,0.896875,1.384948755,,,0.390434549,0.630394
TRAIN,15d92c0e064eaa55.jpg,Person,0.916875,1.40556369,,,0.389183271,0.620075
TRAIN,15d92c0e064eaa55.jpg,Person,0.953125,1.498330893,,,0.379171719,0.757036
TRAIN,16ccfbc9121fc2ba.jpg,Person,0.47,1.3325,,,0.050625,0.999167
TRAIN,17034522359a9747.jpg,Person,0.0625,0.228180708,,,0.21244812,0.775
TRAIN,17034522359a9747.jpg,Person,0,0.07970696,,,0.351164646,0.878906
TRAIN,17034522359a9747.jpg,Person,0,0.091428571,,,0.300551405,0.788281
TRAIN,17034522359a9747.jpg,Person,0.09,0.213333333,,,0.306174832,0.521875
TRAIN,17034522359a9747.jpg,Person,0.151875,0.333675214,,,0.252438354,0.717969
TRAIN,17034522359a9747.jpg,Person,0.505,0.684542125,,,0.267434692,0.540625
TRAIN,17034522359a9747.jpg,Person,0.615,0.899438339,,,0.38865549,0.633594
TRAIN,17034522359a9747.jpg,Person,0.908125,1.17997558,,,0.349914551,0.540625
TRAIN,17034522359a9747.jpg,Person,0.915,1.178412698,,,0.315547743,0.444531
TRAIN,17034522359a9747.jpg,Person,0.939375,1.24952381,,,0.35241394,0.599219
TRAIN,17034522359a9747.jpg,Person,0.960625,1.244053724,,,0.308675021,0.46875
TRAIN,1e7db8b8587db5cd.jpg,Person,0.021875,0.278179148,,,0.286266729,0.740601
TRAIN,1e7db8b8587db5cd.jpg,Person,0.18375,0.595829662,,,0.232513617,0.679511
TRAIN,1e7db8b8587db5cd.jpg,Person,0.345,1.502731278,,,0.240013928,0.99906
TRAIN,236b0ee458d65f55.jpg,Person,0.029412,0.831699,,,0.071895,0.743464
TRAIN,23f50430969397be.jpg,Person,0,0.771666667,,,0.06999975,0.999167
TRAIN,23f50430969397be.jpg,Person,0.599375,0.93,,,0.43374975,0.681667
TRAIN,23f50430969397be.jpg,Person,0.758125,1.154166667,,,0.410625,0.663333
TRAIN,23f50430969397be.jpg,Person,0.869375,1.29,,,0.208125,0.4175
TRAIN,23f50430969397be.jpg,Person,0.876875,1.254166667,,,0.09624975,0.186667
TRAIN,24a999f936d2bd1f.jpg,Person,0.30375,1.319471366,,,0.102505796,1
TRAIN,25c20f77b15e7178.jpg,Person,0.275472,0.193635873,,,2.21640118,0.901875
TRAIN,25c20f77b15e7178.jpg,Person,0.316981,0.156157834,,,0.926961652,0.428125
TRAIN,25c20f77b15e7178.jpg,Person,0.379245,0.209251392,,,0.39079646,0.225
TRAIN,25c20f77b15e7178.jpg,Person,0.39434,0.195509643,,,1.540530973,0.638125
TRAIN,25c20f77b15e7178.jpg,Person,0.477358,0.236110852,,,0.962831858,0.42
TRAIN,25c20f77b15e7178.jpg,Person,0.60566,0.26172058,,,1.551858407,0.638125
TRAIN,25c20f77b15e7178.jpg,Person,0.650943,0.26859162,,,2.320235988,0.870625
TRAIN,26372ea1e5d34c29.jpg,Person,0,1.569315068,,,0.158211531,0.866228
TRAIN,26372ea1e5d34c29.jpg,Person,0.921875,1.738082192,,,0.170093422,0.744518
TRAIN,2678ace85de4bb11.jpg,Person,0.34,0.545464052,,,0.388226294,0.630962
TRAIN,2678ace85de4bb11.jpg,Person,0,0.175686275,,,0.587028428,0.999163
TRAIN,2678ace85de4bb11.jpg,Person,0.028125,0.174013072,,,0.520135752,0.794979
TRAIN,2678ace85de4bb11.jpg,Person,0.04,0.164810458,,,0.584527983,0.842678
TRAIN,2678ace85de4bb11.jpg,Person,0.240625,0.45427451,,,0.375098027,0.717155
TRAIN,2678ace85de4bb11.jpg,Person,0.254375,0.435869281,,,0.512633672,0.806695
TRAIN,2678ace85de4bb11.jpg,Person,0.326875,0.590640523,,,0.53576521,0.923849
TRAIN,2678ace85de4bb11.jpg,Person,0.420625,0.67848366,,,0.375098027,0.613389
TRAIN,2678ace85de4bb11.jpg,Person,0.458125,0.691869281,,,0.500756001,0.738075
TRAIN,2678ace85de4bb11.jpg,Person,0.505625,0.769673203,,,0.380099663,0.603347
TRAIN,2678ace85de4bb11.jpg,Person,0.5375,0.976313725,,,0.557646152,0.999163
TRAIN,2678ace85de4bb11.jpg,Person,0.5775,0.86420915,,,0.373847432,0.596653
TRAIN,2678ace85de4bb11.jpg,Person,0.589375,0.900183007,,,0.521386348,0.76569
TRAIN,2678ace85de4bb11.jpg,Person,0.66125,0.991372549,,,0.323209512,0.543096
TRAIN,2678ace85de4bb11.jpg,Person,0.745,1.065830065,,,0.468872534,0.682845
TRAIN,2678ace85de4bb11.jpg,Person,0.785625,1.208888889,,,0.437614365,0.774059
TRAIN,2872fb4d1261f5f2.jpg,Person,0.075,1.244862745,,,0.072518862,0.786611
TRAIN,28e0c85f4ab3a3c0.jpg,Person,0.194375,0.425,,,0.55625025,0.970833
TRAIN,28e0c85f4ab3a3c0.jpg,Person,0.16625,0.288333333,,,0.56874975,0.840833
TRAIN,28e0c85f4ab3a3c0.jpg,Person,0.656875,1.030833333,,,0.504375,0.944167
TRAIN,28e0c85f4ab3a3c0.jpg,Person,0.9125,1.3325,,,0.31937475,0.724167
TRAIN,291ee5aa583878e7.jpg,Person,0.52125,1.498330893,,,0.139530097,0.826454
TRAIN,2a04bc0064a224ad.jpg,Person,0.06125,0.751267974,,,0,0.685356
TRAIN,2c276c82bb96c7d8.jpg,Person,0.203125,1.3325,,,0.10749975,0.999167
TRAIN,2d1830b9afcada65.jpg,Person,0.22125,0.408550512,,,0.37041211,0.729831
TRAIN,2d1830b9afcada65.jpg,Person,0.553125,0.909868228,,,0.349764033,0.757036
TRAIN,2d1830b9afcada65.jpg,Person,0.5825,0.98295754,,,0.348512756,0.78424
TRAIN,2d406f4d20e45330.jpg,Person,0.4275,1.310922401,,,0.098860248,0.964353
TRAIN,2d804a2ff0d4f6d8.jpg,Person,0.274011,0.601533047,,,0.407529412,0.86
TRAIN,2d804a2ff0d4f6d8.jpg,Person,0,0.322026484,,,0.644705882,0.841875
TRAIN,2d8ca4c1c90800d2.jpg,Person,0.440625,0.934172367,,,0.051303493,0.690622
TRAIN,2d8ca4c1c90800d2.jpg,Person,0,0.586593707,,,0,0.881683
TRAIN,2d8ca4c1c90800d2.jpg,Person,0.05,0.263529412,,,0,0.463628
TRAIN,2d8ca4c1c90800d2.jpg,Person,0.20375,0.685526676,,,0,0.964943
TRAIN,2d8ca4c1c90800d2.jpg,Person,0.606875,1.112777018,,,0,0.66433
TRAIN,2d8ca4c1c90800d2.jpg,Person,0.67,1.394692202,,,0.078206292,0.966696
TRAIN,2d8ca4c1c90800d2.jpg,Person,0.958125,1.39994528,,,0.177059051,0.65206
TRAIN,2e798715a94209f7.jpg,Person,0.246,0.485570313,,,0.468771608,0.999333
TRAIN,2ebe2af98e57572b.jpg,Person,0.793947,1.914472082,,,0.214593411,0.742547
TRAIN,2ec476ff6e574ec3.jpg,Person,0.37125,0.825833333,,,0.15500025,0.906667
TRAIN,2f9327e00d7e900c.jpg,Person,0,0.66287983,,,0,0.9975
TRAIN,2f9327e00d7e900c.jpg,Person,0.313761,0.557819924,,,0.221891117,0.93625
TRAIN,2ff3118b07fb9e06.jpg,Person,0.215686,0.599150398,,,0.105444888,0.936464
TRAIN,2ff3118b07fb9e06.jpg,Person,0.061275,0.190513567,,,0.43894314,0.723757
TRAIN,2ff3118b07fb9e06.jpg,Person,0.558824,0.70683149,,,0.480630199,0.709945
TRAIN,2ff3118b07fb9e06.jpg,Person,0.698529,0.988459652,,,0.245219616,0.781768
TRAIN,30796483db58a930.jpg,Person,0.435801,0.499462426,,,0.128374817,0.613125
TRAIN,30f298de8ef0f470.jpg,Person,0.263281,0.574963181,,,0.371765762,0.789164
TRAIN,30f298de8ef0f470.jpg,Person,0.526563,0.913107888,,,0.457677828,0.86808
TRAIN,31e238503d6b39f7.jpg,Person,0.070625,0.327507331,,,0.171189992,0.919325
TRAIN,31e238503d6b39f7.jpg,Person,0.365625,0.688797654,,,0.284274783,0.781426
TRAIN,31e238503d6b39f7.jpg,Person,0.44875,0.789208211,,,0.234917031,0.646341
TRAIN,31e238503d6b39f7.jpg,Person,0.481875,0.987214076,,,0.302393738,0.869606
TRAIN,31e238503d6b39f7.jpg,Person,0.535625,0.912140762,,,0.242414369,0.510319
TRAIN,31e238503d6b39f7.jpg,Person,0.536875,0.889618768,,,0.275528,0.552533
TRAIN,31e238503d6b39f7.jpg,Person,0.586875,1.097008798,,,0.293646955,0.86773
TRAIN,31e238503d6b39f7.jpg,Person,0.684375,1.252785924,,,0.321761473,0.946529
TRAIN,31e238503d6b39f7.jpg,Person,0.723125,1.173958944,,,0.301144293,0.611632
TRAIN,31e238503d6b39f7.jpg,Person,0.725625,1.188973607,,,0.241164924,0.521576
TRAIN,31e238503d6b39f7.jpg,Person,0.79625,1.500527859,,,0.320512027,0.999062
TRAIN,31e238503d6b39f7.jpg,Person,0.7975,1.312844575,,,0.247412816,0.506567
TRAIN,31e238503d6b39f7.jpg,Person,0.8,1.281876833,,,0.2948964,0.542214
TRAIN,31e238503d6b39f7.jpg,Person,0.8125,1.32973607,,,0.323011584,0.650094
TRAIN,31e238503d6b39f7.jpg,Person,0.879375,1.412316716,,,0.311765244,0.580675
TRAIN,36bcf1fd359ba4bc.jpg,Person,0.393305,0.420943242,,,0.895162729,0.763889
TRAIN,36bcf1fd359ba4bc.jpg,Person,0.414226,0.336198906,,,0.903529412,0.729167
TRAIN,36bcf1fd359ba4bc.jpg,Person,0.476987,0.382044453,,,0.916077929,0.748611
TRAIN,36bcf1fd359ba4bc.jpg,Person,0.523013,0.427889336,,,0.936993129,0.759722
TRAIN,36bcf1fd359ba4bc.jpg,Person,0.843096,0.662673281,,,0.650456847,0.6
TRAIN,37583eb8817b8c0d.jpg,Person,0.167281,0.59473121,,,0.520690449,0.954375
TRAIN,38016029e1bb33d3.jpg,Person,0.089167,0.58062525,,,0.1375,1
TRAIN,3d0a8236f9766f47.jpg,Person,0.3775,0.793333333,,,0.19875,0.9425
TRAIN,3d11276d08123596.jpg,Person,0,0.106510949,,,0.289813867,0.685341
TRAIN,3d11276d08123596.jpg,Person,0,0.210218978,,,0.063084219,0.385621
TRAIN,3d11276d08123596.jpg,Person,0,0.352233577,,,0,0.112979
TRAIN,3d11276d08123596.jpg,Person,0.141875,0.566189781,,,0,0.358543
TRAIN,3d11276d08123596.jpg,Person,0.394375,0.773605839,,,0.398494067,0.894491
TRAIN,3d11276d08123596.jpg,Person,0.52,1.029605839,,,0.252338213,0.515406
TRAIN,3d11276d08123596.jpg,Person,0.525,0.976350365,,,0.191127041,0.557423
TRAIN,3d11276d08123596.jpg,Person,0.72625,1.226744526,,,0.249839702,0.626517
TRAIN,3d11276d08123596.jpg,Person,0.866875,1.456583942,,,0.244842681,0.650794
TRAIN,3d11276d08123596.jpg,Person,0.875,1.493956204,,,0.105556895,0.394958
TRAIN,3e14a96108fc56b2.jpg,Person,0,0.165,,,0.39312525,0.999167
TRAIN,3e6d58d1fa5ccc4e.jpg,Person,0,0.578125,,,0,0.26375
TRAIN,3e6d58d1fa5ccc4e.jpg,Person,0.16625,0.44125,,,0.27375,0.535
TRAIN,3e6d58d1fa5ccc4e.jpg,Person,0.313125,0.6325,,,0.649375,0.87375
TRAIN,3e6d58d1fa5ccc4e.jpg,Person,0.354375,0.611875,,,0.45125,0.5575
TRAIN,3e6d58d1fa5ccc4e.jpg,Person,0.364375,0.60875,,,0.574375,0.675
TRAIN,3e6d58d1fa5ccc4e.jpg,Person,0.37875,0.609375,,,0.273125,0.40375
TRAIN,3f8e66c28de8fdcb.jpg,Person,0.418301,0.870915,,,0.29902,0.929739
TRAIN,412dfbaad18417f8.jpg,Person,0,0.934261705,,,0.122647048,0.970769
TRAIN,41ebc750be97c7d4.jpg,Person,0.5925,0.869166667,,,0.33125025,0.8275
TRAIN,41ebc750be97c7d4.jpg,Person,0.694375,1.0125,,,0.34937475,0.829167
TRAIN,424bc7dbb0f8677d.jpg,Person,0,0.18,,,0.432500063,0.97
TRAIN,424bc7dbb0f8677d.jpg,Person,0.7725,1.77,,,0.375000188,0.933333
TRAIN,4365fd6974b06a66.jpg,Person,0.612994,0.630296914,,,0.192,0.684375
TRAIN,45bd1db9b66f6b24.jpg,Person,0,0.601533047,,,0,0.999375
TRAIN,45fc6e1a22ee87f3.jpg,Person,0.083984,0.926686968,,,0.067382799,0.866569
TRAIN,45fc6e1a22ee87f3.jpg,Person,0.46582,1.473606569,,,0.124023432,0.869501
TRAIN,48b2b6158fd1ac8a.jpg,Person,0.071429,0.188802305,,,0.162628267,0.306941
TRAIN,48b2b6158fd1ac8a.jpg,Person,0.005291,0.647786836,,,0.312033524,0.909978
TRAIN,48b2b6158fd1ac8a.jpg,Person,0.406085,0.55555582,,,0.166593829,0.234273
TRAIN,49e754c60fe8cf3e.jpg,Person,0.638125,0.919166667,,,0.38874975,0.680833
TRAIN,49e754c60fe8cf3e.jpg,Person,0.684375,0.959166667,,,0.38750025,0.673333
TRAIN,49e754c60fe8cf3e.jpg,Person,0.71625,0.991666667,,,0.37937475,0.665
TRAIN,49e754c60fe8cf3e.jpg,Person,0.724375,1.024166667,,,0.38874975,0.678333
TRAIN,49e754c60fe8cf3e.jpg,Person,0.769375,1.120833333,,,0.410625,0.683333
TRAIN,4a259a23522e2734.jpg,Person,0.050625,0.246666667,,,0.34562475,0.693333
TRAIN,4a259a23522e2734.jpg,Person,0.17125,0.4175,,,0.33,0.663333
TRAIN,4a259a23522e2734.jpg,Person,0.338125,0.585833333,,,0.320625,0.6525
TRAIN,4a259a23522e2734.jpg,Person,0.584375,0.945833333,,,0.29874975,0.611667
TRAIN,4a259a23522e2734.jpg,Person,0.698125,1.029166667,,,0.275625,0.579167
TRAIN,4a259a23522e2734.jpg,Person,0.715625,1.081666667,,,0.27312525,0.5775
TRAIN,4a259a23522e2734.jpg,Person,0.8025,1.2025,,,0.271875,0.570833
TRAIN,4aff7adb8860576c.jpg,Person,0.396,0.950535871,,,0.026999844,0.95952
TRAIN,4aff7adb8860576c.jpg,Person,0.214,0.715150805,,,0.044999295,0.695652
TRAIN,4aff7adb8860576c.jpg,Person,0.349,0.667174231,,,0.063999234,0.403298
TRAIN,4aff7adb8860576c.jpg,Person,0.625,1.092966325,,,0.060999104,0.427286
TRAIN,4aff7adb8860576c.jpg,Person,0.752,1.391320644,,,0.044999295,0.715142
TRAIN,4aff7adb8860576c.jpg,Person,0.975,1.497768668,,,0.031999617,0.352324
TRAIN,4c3bde18ed0005a0.jpg,Person,0,0.30784224,,,0.618448023,0.93
TRAIN,4c3bde18ed0005a0.jpg,Person,0.020638,0.118256381,,,0.179912152,0.233125
TRAIN,4c3bde18ed0005a0.jpg,Person,0.056285,0.076960894,,,0.512562225,0.385
TRAIN,4c3bde18ed0005a0.jpg,Person,0.366792,0.434233258,,,0.454465593,0.3475
TRAIN,4c3bde18ed0005a0.jpg,Person,0.440901,0.359149947,,,0.318594436,0.243125
TRAIN,4c3bde18ed0005a0.jpg,Person,0.590056,0.666366549,,,0.623133236,0.999375
TRAIN,4c3bde18ed0005a0.jpg,Person,0.804878,0.627573616,,,0.18272328,0.24125
TRAIN,4c95bc9043e54753.jpg,Person,0.352285,0.334561355,,,0.169359331,0.382812
TRAIN,4d9fb71437ecbb6e.jpg,Person,0.788136,0.649680898,,,0.896941176,0.884375
TRAIN,4e0f3deab71cc9f4.jpg,Person,0.11375,1.224714495,,,0.006882692,0.994371
TRAIN,4e85a1c4797680f6.jpg,Person,0.1125,0.401666667,,,0.0825,0.485833
TRAIN,4f05ec6c6fbd219e.jpg,Person,0.061333,0.99,,,0.176667,0.999333
TRAIN,4f8ea376939b3674.jpg,Person,0.25875,0.633440703,,,0.152044204,0.978424
TRAIN,4f8ea376939b3674.jpg,Person,0.391875,0.894875549,,,0.076960894,0.988743
TRAIN,4f938b59b1f21727.jpg,Person,0.24875,0.589187146,,,0.16761396,0.719128
TRAIN,4f938b59b1f21727.jpg,Person,0,1.651417769,,,0.13571743,0.801453
TRAIN,4f938b59b1f21727.jpg,Person,0.315,0.64,,,0.078178348,0.223971
TRAIN,4f938b59b1f21727.jpg,Person,0.341875,0.689603025,,,0.080679732,0.22155
TRAIN,4f938b59b1f21727.jpg,Person,0.650625,1.27879017,,,0.084432326,0.233656
TRAIN,4f938b59b1f21727.jpg,Person,0.675,1.332022684,,,0.085683535,0.231235
TRAIN,4f938b59b1f21727.jpg,Person,0.7825,1.904272212,,,0.069422468,0.231235
TRAIN,503f3c7c88de753c.jpg,Person,0,0.155834057,,,0.335132182,0.998895
TRAIN,503f3c7c88de753c.jpg,Person,0.161187,0.35256196,,,0.168367863,0.513812
TRAIN,503f3c7c88de753c.jpg,Person,0.267041,0.422189825,,,0.161953684,0.331492
TRAIN,503f3c7c88de753c.jpg,Person,0.567763,0.93942835,,,0.228499347,0.777901
TRAIN,50a674d2496b8a47.jpg,Person,0.091111,0.196570518,,,0.26901996,0.493333
TRAIN,50a674d2496b8a47.jpg,Person,0.533333,0.906223508,,,0.134510313,0.315
TRAIN,50a674d2496b8a47.jpg,Person,0.818889,1.291036111,,,0.259015077,0.491667
TRAIN,50a674d2496b8a47.jpg,Person,0.826667,1.344344082,,,0.294588438,0.521667
TRAIN,50a674d2496b8a47.jpg,Person,0.868889,1.349341142,,,0.273466797,0.506667
TRAIN,50a674d2496b8a47.jpg,Person,0.872222,1.405980486,,,0.291253478,0.62
TRAIN,51d5db5f268fc7e0.jpg,Person,0.305,0.8475,,,0.26375025,0.880833
TRAIN,53ad1fb10cd27e18.jpg,Person,0.005389,0.106759354,,,0.440487465,0.889968
TRAIN,53ad1fb10cd27e18.jpg,Person,0.675905,0.96515432,,,0.345767283,0.510248
TRAIN,53ad1fb10cd27e18.jpg,Person,0.873749,1.240141045,,,0.331135861,0.496224
TRAIN,5a4b9bc256ce01e5.jpg,Person,0.269442,0.826422738,,,0.023579258,0.906611
TRAIN,5a4b9bc256ce01e5.jpg,Person,0.204242,0.351334801,,,0.341893995,0.512067
TRAIN,5a4b9bc256ce01e5.jpg,Person,0.783189,1.258512021,,,0.248364188,0.979014
TRAIN,5a5ee540c794720b.jpg,Person,0.446289,1.316406667,,,0,0.375
TRAIN,5b7def6e30cd9470.jpg,Person,0.156,1.497768668,,,0,0.998501
TRAIN,5c320f56f3b1fc01.jpg,Person,0,1.502731278,,,0,0.99906
TRAIN,5c320f56f3b1fc01.jpg,Person,0.274375,0.755594714,,,0.003750155,0.832707
TRAIN,5c411b358572ee48.jpg,Person,0.42625,0.625,,,0.376875,0.655833
TRAIN,5d34e59bb578a22d.jpg,Person,0.646602,0.737750508,,,0.819604376,0.949814
TRAIN,5d34e59bb578a22d.jpg,Person,0.753398,0.93287291,,,0.600136098,0.947955
TRAIN,6096a51bb0c4f377.jpg,Person,0.242424,0.286641068,,,0.582407968,0.784375
TRAIN,6096a51bb0c4f377.jpg,Person,0.354978,0.362401559,,,0.584573748,0.827344
TRAIN,6229346513155de8.jpg,Person,0.091,0.613497797,,,0.00800042,0.745865
TRAIN,6229346513155de8.jpg,Person,0.119,0.475160059,,,0.091005275,0.926316
TRAIN,6229346513155de8.jpg,Person,0.329,0.814989721,,,0.130007821,0.84812
TRAIN,6229346513155de8.jpg,Person,0.465,0.896187959,,,0,0.157895
TRAIN,6229346513155de8.jpg,Person,0.509,1.329245228,,,0.240013928,0.815038
TRAIN,6229346513155de8.jpg,Person,0.743,1.461568282,,,0.017001059,0.35188
TRAIN,657436e9e9c11c23.jpg,Person,0.34875,0.728042328,,,0.215227995,0.557062
TRAIN,657436e9e9c11c23.jpg,Person,0.183125,0.45037037,,,0.278419702,0.627119
TRAIN,657436e9e9c11c23.jpg,Person,0.394375,0.881552028,,,0.233371995,0.60678
TRAIN,66579e85cf5f1f83.jpg,Person,0.045,0.208889333,,,0.29499975,0.815556
TRAIN,66e15fc4acf814dd.jpg,Person,0.793125,1.153333333,,,0.3225,0.74
TRAIN,66e15fc4acf814dd.jpg,Person,0,1.3325,,,0,0.703333
TRAIN,66e15fc4acf814dd.jpg,Person,0.653125,0.951666667,,,0.30500025,0.6925
TRAIN,66e15fc4acf814dd.jpg,Person,0.90625,1.3325,,,0.33249975,0.7275
TRAIN,6754412a06c50bc6.jpg,Person,0.015523,0.075943918,,,0.262382721,0.546569
TRAIN,6754412a06c50bc6.jpg,Person,0.042484,0.216806138,,,0.261565655,0.589461
TRAIN,6754412a06c50bc6.jpg,Person,0.066176,0.183733786,,,0.271374442,0.589461
TRAIN,6754412a06c50bc6.jpg,Person,0.073529,0.279276135,,,0.404609467,0.740196
TRAIN,6754412a06c50bc6.jpg,Person,0.075163,0.209456726,,,0.251756868,0.525735
TRAIN,6754412a06c50bc6.jpg,Person,0.14951,0.334395221,,,0.393165882,0.682598
TRAIN,6754412a06c50bc6.jpg,Person,0.166667,0.317246594,,,0.224783037,0.4375
TRAIN,6754412a06c50bc6.jpg,Person,0.170752,0.367467572,,,0.31387852,0.590686
TRAIN,6754412a06c50bc6.jpg,Person,0.193627,0.344194436,,,0.315513317,0.563725
TRAIN,6754412a06c50bc6.jpg,Person,0.214052,0.534052732,,,0.393165882,0.76348
TRAIN,6754412a06c50bc6.jpg,Person,0.21732,0.366242671,,,0.308974126,0.573529
TRAIN,6754412a06c50bc6.jpg,Person,0.220588,0.402989728,,,0.313061454,0.583333
TRAIN,6754412a06c50bc6.jpg,Person,0.249183,0.439736785,,,0.311426656,0.57598
TRAIN,6754412a06c50bc6.jpg,Person,0.285948,0.486281558,,,0.2272349,0.469363
TRAIN,6754412a06c50bc6.jpg,Person,0.299837,0.850074425,,,0.399705073,0.769608
TRAIN,6754412a06c50bc6.jpg,Person,0.324346,0.606321944,,,0.346574477,0.647059
TRAIN,6754412a06c50bc6.jpg,Person,0.378268,0.650418413,,,0.40706133,0.727941
TRAIN,6754412a06c50bc6.jpg,Person,0.45098,0.755758477,,,0.200261069,0.392157
TRAIN,6754412a06c50bc6.jpg,Person,0.458333,0.760658085,,,0.381722297,0.675245
TRAIN,6754412a06c50bc6.jpg,Person,0.5,0.867223051,,,0.353113668,0.633578
TRAIN,6754412a06c50bc6.jpg,Person,0.501634,0.772907104,,,0.248487272,0.389706
TRAIN,6754412a06c50bc6.jpg,Person,0.564542,1.037482917,,,0.402974669,0.784314
TRAIN,6754412a06c50bc6.jpg,Person,0.591503,0.93091795,,,0.38662669,0.636029
TRAIN,6754412a06c50bc6.jpg,Person,0.653595,1.141599578,,,0.320417711,0.647059
TRAIN,6754412a06c50bc6.jpg,Person,0.667484,1.110977031,,,0.23540889,0.430147
TRAIN,6754412a06c50bc6.jpg,Person,0.707516,1.215093693,,,0.417687183,0.767157
TRAIN,6754412a06c50bc6.jpg,Person,0.734477,1.159973107,,,0.242765813,0.460784
TRAIN,6754412a06c50bc6.jpg,Person,0.814542,1.366980029,,,0.393165882,0.769608
TRAIN,6754412a06c50bc6.jpg,Person,0.843137,1.325333365,,,0.295078678,0.563725
TRAIN,6754412a06c50bc6.jpg,Person,0.892157,1.430673429,,,0.390713352,0.704657
TRAIN,68cf9f6435b4b87e.jpg,Person,0.5275,1.176925329,,,0.080714726,0.952158
TRAIN,68cf9f6435b4b87e.jpg,Person,0.449375,0.922986823,,,0.105116635,0.701689
TRAIN,6aff62c86ad0a869.jpg,Person,0.32875,0.675833333,,,0.28749975,0.7725
TRAIN,6aff62c86ad0a869.jpg,Person,0.344375,0.49,,,0.45,0.775833
TRAIN,6aff62c86ad0a869.jpg,Person,0.495,0.761666667,,,0.32625,0.698333
TRAIN,6aff62c86ad0a869.jpg,Person,0.665625,1.208333333,,,0.46937475,0.999167
TRAIN,6aff62c86ad0a869.jpg,Person,0.95125,1.3325,,,0.343125,0.6825
TRAIN,6b88307e54367a0a.jpg,Person,0.0275,0.12556369,,,0.318479432,0.710131
TRAIN,6b88307e54367a0a.jpg,Person,0.03,1.464597365,,,0.198971106,0.714822
TRAIN,6b88307e54367a0a.jpg,Person,0.075625,0.180849195,,,0.337876231,0.71576
TRAIN,6b88307e54367a0a.jpg,Person,0.109375,0.213645681,,,0.383551856,0.704503
TRAIN,6b88307e54367a0a.jpg,Person,0.173125,0.281112738,,,0.451752475,0.704503
TRAIN,6b88307e54367a0a.jpg,Person,0.185,0.319531479,,,0.364780695,0.694184
TRAIN,6b88307e54367a0a.jpg,Person,0.19875,0.380439239,,,0.292825578,0.708255
TRAIN,6b88307e54367a0a.jpg,Person,0.2525,0.39636896,,,0.426099288,0.694184
TRAIN,6b88307e54367a0a.jpg,Person,0.261875,0.451654466,,,0.36603264,0.706379
TRAIN,6b88307e54367a0a.jpg,Person,0.309375,0.517247438,,,0.374792248,0.710131
TRAIN,6b88307e54367a0a.jpg,Person,0.325625,0.610951684,,,0.22462496,0.710131
TRAIN,6b88307e54367a0a.jpg,Person,0.3925,0.634377745,,,0.381049302,0.71576
TRAIN,6b88307e54367a0a.jpg,Person,0.40875,0.734641288,,,0.198971106,0.71576
TRAIN,6b88307e54367a0a.jpg,Person,0.418125,0.65124451,,,0.387931327,0.708255
TRAIN,6b88307e54367a0a.jpg,Person,0.424375,0.663426061,,,0.377294803,0.644465
TRAIN,6b88307e54367a0a.jpg,Person,0.466875,0.753382138,,,0.337876231,0.71576
TRAIN,6b88307e54367a0a.jpg,Person,0.4975,0.776808199,,,0.390434549,0.704503
TRAIN,6b88307e54367a0a.jpg,Person,0.514375,0.813352855,,,0.387931327,0.708255
TRAIN,6b88307e54367a0a.jpg,Person,0.529375,0.870512445,,,0.332244816,0.708255
TRAIN,6b88307e54367a0a.jpg,Person,0.571875,0.881756955,,,0.418590957,0.694184
TRAIN,6b88307e54367a0a.jpg,Person,0.59,0.908931186,,,0.421093512,0.702627
TRAIN,6b88307e54367a0a.jpg,Person,0.59375,0.970775988,,,0.329741595,0.710131
TRAIN,6b88307e54367a0a.jpg,Person,0.631875,0.967027818,,,0.416087735,0.704503
TRAIN,6b88307e54367a0a.jpg,Person,0.633125,1.089780381,,,0.254032646,0.713884
TRAIN,6b88307e54367a0a.jpg,Person,0.65,1.005446559,,,0.406702488,0.708255
TRAIN,6b88307e54367a0a.jpg,Person,0.728125,1.126325037,,,0.383551856,0.71576
TRAIN,6b88307e54367a0a.jpg,Person,0.75125,1.201288433,,,0.340378786,0.71576
TRAIN,6b88307e54367a0a.jpg,Person,0.781875,1.214407028,,,0.421093512,0.710131
TRAIN,6b88307e54367a0a.jpg,Person,0.843125,1.312796486,,,0.371037749,0.727017
TRAIN,6b88307e54367a0a.jpg,Person,0.886875,1.395256223,,,0.374792248,0.721388
TRAIN,6b88307e54367a0a.jpg,Person,0.933125,1.46272328,,,0.372289026,0.713884
TRAIN,6c78aa3d297df5c0.jpg,Person,0.399782,0.448889751,,,1.014744804,0.912
TRAIN,6c78aa3d297df5c0.jpg,Person,0.174292,0.319492626,,,1.262987228,0.98
TRAIN,6e304b428b40303c.jpg,Person,0.102941,0.913399,,,0.119281,0.990196
TRAIN,6e82e9ee2bdf541f.jpg,Person,0.348125,0.559223301,,,0.644000258,0.913753
TRAIN,6e82e9ee2bdf541f.jpg,Person,0.491875,0.692038835,,,0.660256555,0.908314
TRAIN,6e82e9ee2bdf541f.jpg,Person,0.834375,1.2,,,0.628994445,0.986014
TRAIN,701b495e71698233.jpg,Person,0.398333,0.48500025,,,0.213333333,0.62
TRAIN,715d991b967cf977.jpg,Person,0.059414,0.711435806,,,0.10875817,0.944375
TRAIN,7306b1c718be4ecb.jpg,Person,0.053125,0.183660322,,,0.170815365,0.60788
TRAIN,7306b1c718be4ecb.jpg,Person,0.106875,0.225827233,,,0.217116629,0.590056
TRAIN,7306b1c718be4ecb.jpg,Person,0.254375,0.703718887,,,0.088848695,0.890244
TRAIN,7306b1c718be4ecb.jpg,Person,0.260625,0.506002928,,,0.217116629,0.624765
TRAIN,7306b1c718be4ecb.jpg,Person,0.421875,1.053235725,,,0,0.750469
TRAIN,7306b1c718be4ecb.jpg,Person,0.84625,1.498330893,,,0,0.842402
TRAIN,749b782b89ce0c4c.jpg,Person,0.179104,0.598263682,,,0.251272583,0.998333
TRAIN,761134fc2d18973d.jpg,Person,0.151875,1.0175,,,0.185625,0.814167
TRAIN,76289c3d96dbe5ef.jpg,Person,0.058125,0.329867841,,,0.261265251,0.568609
TRAIN,76289c3d96dbe5ef.jpg,Person,0.14375,0.738678414,,,0.36689673,0.99906
TRAIN,76289c3d96dbe5ef.jpg,Person,0.23375,0.540381791,,,0.261265251,0.551692
TRAIN,76289c3d96dbe5ef.jpg,Person,0.4075,0.766872247,,,0.265640543,0.568609
TRAIN,76289c3d96dbe5ef.jpg,Person,0.535625,0.979265786,,,0.26439027,0.576128
TRAIN,76289c3d96dbe5ef.jpg,Person,0.64375,1.372099853,,,0.375647314,0.99906
TRAIN,76289c3d96dbe5ef.jpg,Person,0.673125,1.214214391,,,0.251265059,0.56109
TRAIN,76289c3d96dbe5ef.jpg,Person,0.865,1.478296623,,,0.266890816,0.568609
TRAIN,77ba6ee8da8eb257.jpg,Person,0.145403,0.581271686,,,0.296105417,0.960625
TRAIN,77ba6ee8da8eb257.jpg,Person,0,0.17331792,,,0.672796486,0.999375
TRAIN,789a057852ae91d9.jpg,Person,0.492,1.311110667,,,0,0.208
TRAIN,79c0e33da33e67be.jpg,Person,0.688825,0.595051746,,,0.972061595,0.785156
TRAIN,79c0e33da33e67be.jpg,Person,0.802505,0.569661293,,,1.03564578,0.759766
TRAIN,79c0e33da33e67be.jpg,Person,0.928709,0.656901273,,,0.985549688,0.71875
TRAIN,7ab2d0baff0ab6a9.jpg,Person,0,0.270660793,,,0.273398224,0.620884
TRAIN,7b5f87da68b09cb7.jpg,Person,0.400625,0.525625,,,0.9425,0.996875
TRAIN,7b5f87da68b09cb7.jpg,Person,0.41125,0.5325,,,0.8825,0.93875
TRAIN,7c528ae8fcc0a1eb.jpg,Person,0.338125,0.560833333,,,0.33312525,0.716667
TRAIN,7c528ae8fcc0a1eb.jpg,Person,0.0025,0.3075,,,0.369375,0.583333
TRAIN,7c528ae8fcc0a1eb.jpg,Person,0.254375,0.416666667,,,0.37937475,0.583333
TRAIN,7c528ae8fcc0a1eb.jpg,Person,0.308125,0.49,,,0.298125,0.671667
TRAIN,7c528ae8fcc0a1eb.jpg,Person,0.465625,0.728333333,,,0.33312525,0.699167
TRAIN,7c528ae8fcc0a1eb.jpg,Person,0.48375,1.3325,,,0.31875,0.999167
TRAIN,7c528ae8fcc0a1eb.jpg,Person,0.545,0.846666667,,,0.331875,0.704167
TRAIN,7ff97b147907b910.jpg,Person,0.090625,0.314846266,,,0.322233264,0.923077
TRAIN,7ff97b147907b910.jpg,Person,0.239375,0.596896047,,,0.314099294,0.919325
TRAIN,7ff97b147907b910.jpg,Person,0.4325,0.852708638,,,0.23588779,0.721388
TRAIN,7ff97b147907b910.jpg,Person,0.62125,1.220966325,,,0.299082632,0.952158
TRAIN,825520e616c54171.jpg,Person,0.309167,0.47750025,,,0.335833333,0.92375
TRAIN,8a16d6c854c75805.jpg,Person,0.124765,0.525584508,,,0.055285505,0.861875
TRAIN,8a16d6c854c75805.jpg,Person,0,0.138278819,,,0,0.083125
TRAIN,8a16d6c854c75805.jpg,Person,0.294559,0.576265909,,,0,0.260625
TRAIN,8b30c355294ac2e0.jpg,Person,0.455882,0.408562195,,,0.80050023,0.808005
TRAIN,8b30c355294ac2e0.jpg,Person,0.777574,0.679062867,,,0.819822345,0.858036
TRAIN,8e0961ee8526b096.jpg,Person,0.183125,0.422606149,,,0.264669837,0.771107
TRAIN,8e0961ee8526b096.jpg,Person,0.25625,0.565036603,,,0.252781368,0.836773
TRAIN,8e0961ee8526b096.jpg,Person,0.34625,0.718711567,,,0.225876237,0.900563
TRAIN,8e0961ee8526b096.jpg,Person,0.45125,0.891127379,,,0.251530091,0.937148
TRAIN,8e0961ee8526b096.jpg,Person,0.55375,1.145065886,,,0.237764706,0.998124
TRAIN,8e0961ee8526b096.jpg,Person,0.590625,1.423367496,,,0.234635846,0.999062
TRAIN,8e0961ee8526b096.jpg,Person,0.884375,1.498330893,,,0.180826251,0.999062
TRAIN,8e0961ee8526b096.jpg,Person,0.901875,1.498330893,,,0.314724933,0.999062
TRAIN,8e5a2809dff849c4.jpg,Person,0.342857,0.374999766,,,0.736813511,0.769746
TRAIN,90fa618b4612c6a3.jpg,Person,0.889375,1.3325,,,0.27437475,0.646667
TRAIN,90fa618b4612c6a3.jpg,Person,0.939375,1.3325,,,0.20375025,0.381667
TRAIN,91a5f36e4f9029dc.jpg,Person,0.794922,1.191406667,,,0.275391,0.729167
TRAIN,9402f1aed1f7e3de.jpg,Person,0.298125,0.488333333,,,0.43812525,0.739167
TRAIN,9402f1aed1f7e3de.jpg,Person,0,1.3325,,,0.20000025,0.999167
TRAIN,96de25fe2b72eac3.jpg,Person,0.48125,1.006519824,,,0.068818907,0.848542
TRAIN,96de25fe2b72eac3.jpg,Person,0.46875,0.796945668,,,0.200200034,0.429915
TRAIN,970531d78ec4da1b.jpg,Person,0.067542,0.620065285,,,0.158360176,0.999375
TRAIN,97854553379166c3.jpg,Person,0,0.4375,,,0.11937525,0.9875
TRAIN,97854553379166c3.jpg,Person,0.173125,0.678333333,,,0.1125,0.999167
TRAIN,97854553379166c3.jpg,Person,0.3525,0.923333333,,,0.11124975,0.999167
TRAIN,97854553379166c3.jpg,Person,0.551875,1.3325,,,0.23499975,0.999167
TRAIN,97ede57e60c4996e.jpg,Person,0.666667,1.269444,,,0.19374975,0.961111
TRAIN,97ede57e60c4996e.jpg,Person,0.04375,0.911110667,,,0.38124975,0.738889
TRAIN,97ede57e60c4996e.jpg,Person,0.220833,0.677777333,,,0.36666675,0.997222
TRAIN,9aa6e200d7bea22f.jpg,Person,0.541992,1.145234784,,,0.191405977,0.906203
TRAIN,9aa6e200d7bea22f.jpg,Person,0.729492,1.204236393,,,0.21484372,0.432678
TRAIN,9aa6e200d7bea22f.jpg,Person,0.753906,1.27685364,,,0.176758113,0.434191
TRAIN,9d2150158b38c080.jpg,Person,0.021875,0.22610219,,,0.237347817,0.509804
TRAIN,9d2150158b38c080.jpg,Person,0.173125,0.300846715,,,0.251088623,0.453782
TRAIN,9d2150158b38c080.jpg,Person,0.2025,0.34849635,,,0.221732627,0.40803
TRAIN,9d2150158b38c080.jpg,Person,0.2525,0.425109489,,,0.216735605,0.427638
TRAIN,9d2150158b38c080.jpg,Person,0.3625,0.583007299,,,0.224231138,0.413632
TRAIN,9d2150158b38c080.jpg,Person,0.45625,0.729693431,,,0.233599717,0.409897
TRAIN,9d2150158b38c080.jpg,Person,0.569375,0.946452555,,,0.221732627,0.448179
TRAIN,9d2150158b38c080.jpg,Person,0.914375,1.461255474,,,0.24234417,0.819795
TRAIN,9ee0503ab996f7be.jpg,Person,0.543539,1.08181546,,,0.080707773,0.730242
TRAIN,9f4960708435a8b8.jpg,Person,0.0625,0.130439883,,,0.33800626,0.584428
TRAIN,9f4960708435a8b8.jpg,Person,0.105625,0.185806452,,,0.330508922,0.580675
TRAIN,9f4960708435a8b8.jpg,Person,0.12875,0.216774194,,,0.331758367,0.600375
TRAIN,9f4960708435a8b8.jpg,Person,0.149375,0.266510264,,,0.323011584,0.573171
TRAIN,9f4960708435a8b8.jpg,Person,0.18,0.299354839,,,0.329258811,0.584428
TRAIN,9f4960708435a8b8.jpg,Person,0.18,0.462639296,,,0.333007813,0.842402
TRAIN,9f4960708435a8b8.jpg,Person,0.209375,0.349090909,,,0.341754596,0.584428
TRAIN,9f4960708435a8b8.jpg,Person,0.3375,0.535835777,,,0.335506703,0.584428
TRAIN,9f4960708435a8b8.jpg,Person,0.359375,0.570557185,,,0.343004041,0.586304
TRAIN,9f4960708435a8b8.jpg,Person,0.3825,0.614662757,,,0.335506703,0.586304
TRAIN,9f4960708435a8b8.jpg,Person,0.42625,0.682228739,,,0.336756814,0.58818
TRAIN,9f4960708435a8b8.jpg,Person,0.485,0.766686217,,,0.351126768,0.575047
TRAIN,9f4960708435a8b8.jpg,Person,0.549375,0.858651026,,,0.335506703,0.591932
TRAIN,9f4960708435a8b8.jpg,Person,0.69,1.066979472,,,0.34050515,0.593809
TRAIN,9f4960708435a8b8.jpg,Person,0.718125,1.111085044,,,0.343004041,0.58818
TRAIN,9f4960708435a8b8.jpg,Person,0.74375,1.145806452,,,0.356124549,0.58818
TRAIN,9f4960708435a8b8.jpg,Person,0.79,1.391671554,,,0.330508922,0.805816
TRAIN,9f4960708435a8b8.jpg,Person,0.970625,1.493958944,,,0.34050515,0.590056
TRAIN,a1b3a539d24fbc17.jpg,Person,0.245779,0.780488,,,0.124453,0.999375
TRAIN,a25a40b10e9536ef.jpg,Person,0.108125,0.995139092,,,0.364155057,0.771107
TRAIN,a25a40b10e9536ef.jpg,Person,0.435625,0.716837482,,,0.368535194,0.724203
TRAIN,a3d224b0ef5e49b1.jpg,Person,0.053125,0.16648951,,,0.631296123,0.999104
TRAIN,a3d224b0ef5e49b1.jpg,Person,0.099375,0.239888112,,,0.605644102,0.999104
TRAIN,a3d224b0ef5e49b1.jpg,Person,0.1675,0.315076923,,,0.622536675,0.999104
TRAIN,a3d224b0ef5e49b1.jpg,Person,0.22,0.401006993,,,0.636301123,0.999104
TRAIN,a3d224b0ef5e49b1.jpg,Person,0.28125,0.514685315,,,0.631296123,0.999104
TRAIN,a3d224b0ef5e49b1.jpg,Person,0.3775,0.668643357,,,0.621285425,0.999104
TRAIN,a3d224b0ef5e49b1.jpg,Person,0.39125,0.716979021,,,0.458612451,0.893369
TRAIN,a3d224b0ef5e49b1.jpg,Person,0.466875,0.740251748,,,0.632547373,0.996416
TRAIN,a3d224b0ef5e49b1.jpg,Person,0.5775,0.904055944,,,0.632547373,0.999104
TRAIN,a3d224b0ef5e49b1.jpg,Person,0.63625,1.008783217,,,0.628793623,0.999104
TRAIN,a3d224b0ef5e49b1.jpg,Person,0.69875,1.080391608,,,0.638178696,0.999104
TRAIN,a3d224b0ef5e49b1.jpg,Person,0.7825,1.182433566,,,0.620034175,0.999104
TRAIN,a3d224b0ef5e49b1.jpg,Person,0.83375,1.269258741,,,0.626290425,0.999104
TRAIN,a3d224b0ef5e49b1.jpg,Person,0.913125,1.410685315,,,0.613777227,0.999104
TRAIN,a536f6fc12424066.jpg,Person,0.006944,0.150315707,,,0.320775352,0.988439
TRAIN,a536f6fc12424066.jpg,Person,0,2.075518959,,,0.237457266,0.99711
TRAIN,a536f6fc12424066.jpg,Person,0.059722,0.315086049,,,0.345770777,0.99711
TRAIN,a536f6fc12424066.jpg,Person,0.118056,0.44516735,,,0.412425727,0.99711
TRAIN,a536f6fc12424066.jpg,Person,0.123611,0.459619902,,,0.311054988,0.913295
TRAIN,a536f6fc12424066.jpg,Person,0.209722,0.569466797,,,0.30272318,0.878613
TRAIN,a536f6fc12424066.jpg,Person,0.220833,0.598373984,,,0.417979945,0.99711
TRAIN,a536f6fc12424066.jpg,Person,0.277778,0.693766244,,,0.301334625,0.855491
TRAIN,a536f6fc12424066.jpg,Person,0.280556,0.774705951,,,0.411036691,0.99711
TRAIN,a536f6fc12424066.jpg,Person,0.334722,0.789160585,,,0.276339199,0.820809
TRAIN,a536f6fc12424066.jpg,Person,0.348611,0.855645659,,,0.411036691,0.991329
TRAIN,a536f6fc12424066.jpg,Person,0.348611,0.875880065,,,0.294391371,0.82948
TRAIN,a536f6fc12424066.jpg,Person,0.398611,1.000181593,,,0.294391371,0.947977
TRAIN,a536f6fc12424066.jpg,Person,0.455556,1.14182452,,,0.395761629,0.988439
TRAIN,a536f6fc12424066.jpg,Person,0.476389,1.086901073,,,0.294391371,0.869942
TRAIN,a536f6fc12424066.jpg,Person,0.525,1.251671415,,,0.26800691,0.855491
TRAIN,a536f6fc12424066.jpg,Person,0.579167,1.344172748,,,0.398539219,0.99711
TRAIN,a536f6fc12424066.jpg,Person,0.619444,1.500270309,,,0.397150664,0.991329
TRAIN,a536f6fc12424066.jpg,Person,0.641667,1.485817756,,,0.265229801,0.861272
TRAIN,a536f6fc12424066.jpg,Person,0.695833,1.589882797,,,0.24440052,0.83237
TRAIN,a536f6fc12424066.jpg,Person,0.730556,1.679493203,,,0.394373074,0.99711
TRAIN,a536f6fc12424066.jpg,Person,0.744444,1.702620618,,,0.23884582,0.748555
TRAIN,a536f6fc12424066.jpg,Person,0.777778,1.769105691,,,0.319386797,0.893064
TRAIN,a536f6fc12424066.jpg,Person,0.818056,1.826920065,,,0.395761629,0.99711
TRAIN,a536f6fc12424066.jpg,Person,0.854167,1.922312325,,,0.311054988,0.99711
TRAIN,a536f6fc12424066.jpg,Person,0.909722,2.078409886,,,0.301334625,0.99711
TRAIN,a7b97a9f17ee5715.jpg,Person,0.46,1.504941176,,,0.119430977,0.999058
TRAIN,aab819294910c579.jpg,Person,0.277143,0.506875031,,,0.165714286,0.976875
TRAIN,ac08ccb3cdedb4a8.jpg,Person,0.04049,0.621542578,,,0.400941176,0.999375
TRAIN,ac23da03a85dd0f1.jpg,Person,0.080164,0.400804981,,,0.203402889,0.909375
TRAIN,ae7e350ee4786d07.jpg,Person,0.101313,0.192089081,,,0.680292826,0.778125
TRAIN,aea4b3f67c8a905c.jpg,Person,0.380625,0.838333333,,,0.13625025,0.86
TRAIN,aed3765efce4e3c9.jpg,Person,0.445,0.834166667,,,0.050625,0.655
TRAIN,b0a77e8e9a662a1e.jpg,Person,0.190625,0.906480836,,,0.104985385,0.635451
TRAIN,b399e8affa2c796b.jpg,Person,0.869333,0.74799975,,,0.370666667,0.998
TRAIN,b5cfc51d9f1be70b.jpg,Person,0,1.3325,,,0.436875,0.999167
TRAIN,b5cfc51d9f1be70b.jpg,Person,0.060625,0.166666667,,,0.39687525,0.81
TRAIN,b5d1051e37ac33d0.jpg,Person,0.2925,0.622196193,,,0.209608298,0.871482
TRAIN,b8ff15357810281c.jpg,Person,0.313125,0.526666667,,,0.26499975,0.776667
TRAIN,b8ff15357810281c.jpg,Person,0.22375,0.413333333,,,0.30125025,0.718333
TRAIN,b8ff15357810281c.jpg,Person,0.755625,1.3325,,,0.48624975,0.999167
TRAIN,b97ba77fe40c0791.jpg,Person,0.391772,0.824936076,,,0.182277916,0.686118
TRAIN,b9c8eef6fcd7f76b.jpg,Person,0.27,0.625944363,,,0.255283923,0.933396
TRAIN,b9c8eef6fcd7f76b.jpg,Person,0.6225,1.498330893,,,0.055687178,0.999062
TRAIN,ba7e73f23778b7d3.jpg,Person,0,0.446357868,,,0,0.800187
TRAIN,ba7e73f23778b7d3.jpg,Person,0.543785,0.660199293,,,0,0.81606
TRAIN,bab7772339be41a6.jpg,Person,0.15,0.6945,,,0.135932,0.934033
TRAIN,bac4a692811707a7.jpg,Person,0.2075,0.703333333,,,0.046875,0.903333
TRAIN,bb008a5ca08869c0.jpg,Person,0.01,0.146392962,,,0.081923252,0.531455
TRAIN,bb008a5ca08869c0.jpg,Person,0,0.015014663,,,0.165722004,0.294836
TRAIN,bb008a5ca08869c0.jpg,Person,0.146875,0.259002933,,,0.171975891,0.302347
TRAIN,bb008a5ca08869c0.jpg,Person,0.198125,1.055718475,,,0.096306525,0.851643
TRAIN,bb008a5ca08869c0.jpg,Person,0.5325,1.070733138,,,0.063162258,0.80939
TRAIN,bb008a5ca08869c0.jpg,Person,0.685,1.046334311,,,0.25702542,0.44507
TRAIN,bb008a5ca08869c0.jpg,Person,0.925,1.492082111,,,0.136330068,0.543662
TRAIN,be3ccef6ab004437.jpg,Person,0,0.654096916,,,0.309018381,0.998496
TRAIN,be3ccef6ab004437.jpg,Person,0.38,0.772886931,,,0.343019833,0.706767
TRAIN,be3ccef6ab004437.jpg,Person,0.575,0.890173275,,,0.347020708,0.548872
TRAIN,be3ccef6ab004437.jpg,Person,0.689,1.103694567,,,0.37702195,0.589474
TRAIN,be3ccef6ab004437.jpg,Person,0.733,1.12173862,,,0.375022178,0.652632
TRAIN,be3ccef6ab004437.jpg,Person,0.757,1.23451395,,,0.372021521,0.601504
TRAIN,be3ccef6ab004437.jpg,Person,0.803,1.242032305,,,0.375022178,0.652632
TRAIN,be3ccef6ab004437.jpg,Person,0.835,1.299171806,,,0.35302069,0.6
TRAIN,be3ccef6ab004437.jpg,Person,0.852,1.31871953,,,0.382022379,0.676692
TRAIN,be3ccef6ab004437.jpg,Person,0.882,1.345785609,,,0.383022598,0.603007
TRAIN,be3ccef6ab004437.jpg,Person,0.886,1.362325991,,,0.383022598,0.658647
TRAIN,be3ccef6ab004437.jpg,Person,0.89,1.378866373,,,0.360020892,0.580451
TRAIN,be3ccef6ab004437.jpg,Person,0.912,1.401421439,,,0.372021521,0.645113
TRAIN,be3ccef6ab004437.jpg,Person,0.972,1.502167401,,,0.38102216,0.631579
TRAIN,c0a16fc5a937a05b.jpg,Person,0.28,0.437377049,,,0.798022969,0.980315
TRAIN,c0a16fc5a937a05b.jpg,Person,0.428125,0.61704918,,,0.791143313,0.999344
TRAIN,c0aa4be8d0dd95aa.jpg,Person,0.23125,0.416983895,,,0.255909562,0.484053
TRAIN,c0aa4be8d0dd95aa.jpg,Person,0.256875,0.41510981,,,0.252155729,0.41651
TRAIN,c0aa4be8d0dd95aa.jpg,Person,0.264375,0.432913616,,,0.255909562,0.432458
TRAIN,c0aa4be8d0dd95aa.jpg,Person,0.49375,0.786178624,,,0.245898676,0.439962
TRAIN,c0aa4be8d0dd95aa.jpg,Person,0.523125,0.803045388,,,0.230256375,0.364916
TRAIN,c0aa4be8d0dd95aa.jpg,Person,0.565625,0.878008785,,,0.233384568,0.39212
TRAIN,c0aa4be8d0dd95aa.jpg,Person,0.770625,1.257510981,,,0.372289026,0.664165
TRAIN,c17f16d3fe13c22a.jpg,Person,0.304878,0.419216596,,,0.595021962,0.574375
TRAIN,c17f16d3fe13c22a.jpg,Person,0.446529,0.447998643,,,0.503191801,0.485625
TRAIN,c231a27c01aef960.jpg,Person,0.219075,0.277597963,,,0.843893805,0.82375
TRAIN,c231a27c01aef960.jpg,Person,0.497639,0.470791547,,,0.847669617,0.8025
TRAIN,c231b913aec6bad4.jpg,Person,0.409375,0.818038067,,,0.280312138,0.731707
TRAIN,c39756b4359c03cf.jpg,Person,0.049,0.227444336,,,0.605107537,0.735824
TRAIN,c39756b4359c03cf.jpg,Person,0.5,0.439547852,,,0.651117072,0.543696
TRAIN,c5c573b23fc20149.jpg,Person,0.43375,0.96,,,0.011869453,0.353716
TRAIN,c5c573b23fc20149.jpg,Person,0,0.633411765,,,0,0.999059
TRAIN,c5c573b23fc20149.jpg,Person,0.23375,0.519529412,,,0,0.301035
TRAIN,c5c573b23fc20149.jpg,Person,0.33375,0.710588235,,,0,0.306679
TRAIN,c5c573b23fc20149.jpg,Person,0.530625,1.504941176,,,0.061846133,0.999059
TRAIN,c5c573b23fc20149.jpg,Person,0.678125,1.318588235,,,0.046228047,0.341486
TRAIN,c781094cf6c4e86b.jpg,Person,0.11125,0.232575163,,,0.45511897,0.841841
TRAIN,c781094cf6c4e86b.jpg,Person,0,0.051869281,,,0.548268179,0.87113
TRAIN,c781094cf6c4e86b.jpg,Person,0.030625,0.168156863,,,0.543891841,0.94728
TRAIN,c781094cf6c4e86b.jpg,Person,0.199375,0.368104575,,,0.537640356,0.89205
TRAIN,c781094cf6c4e86b.jpg,Person,0.256875,0.414954248,,,0.543891841,0.878661
TRAIN,c7b627b77429ceb2.jpg,Person,0,1.335465775,,,0.193825678,0.99865
TRAIN,c7b627b77429ceb2.jpg,Person,0.576186,1.335465775,,,0.096913213,0.210526
TRAIN,c85131ffda895a0b.jpg,Person,0.224375,0.328333333,,,0.37374975,0.551667
TRAIN,c85131ffda895a0b.jpg,Person,0.3175,0.4975,,,0.358125,0.548333
TRAIN,c85131ffda895a0b.jpg,Person,0.39875,0.578333333,,,0.44874975,0.645
TRAIN,c85131ffda895a0b.jpg,Person,0.475,0.68,,,0.21875025,0.325833
TRAIN,c85131ffda895a0b.jpg,Person,0.47625,0.673333333,,,0.17750025,0.265833
TRAIN,c85131ffda895a0b.jpg,Person,0.58375,0.8575,,,0.204375,0.393333
TRAIN,c8531d7db8b65761.jpg,Person,0.006536,0.1568625,,,0.437908,0.960784
TRAIN,c8531d7db8b65761.jpg,Person,0.163399,0.28186275,,,0.470588,0.980392
TRAIN,c8531d7db8b65761.jpg,Person,0.336601,0.43872525,,,0.45098,0.958333
TRAIN,c8531d7db8b65761.jpg,Person,0.558824,0.6029415,,,0.545752,0.990196
TRAIN,c99d3e5045015a45.jpg,Person,0,0.7625,,,0.81875,0.998438
TRAIN,ca28b16f43c4be88.jpg,Person,0.382353,0.647059,,,0.441176,0.78268
TRAIN,ca9e22a532179691.jpg,Person,0.435,0.753882353,,,0.275754609,0.516949
TRAIN,cbbe850d05d6d3b1.jpg,Person,0.07625,0.320876712,,,0.408973945,0.725439
TRAIN,cbbe850d05d6d3b1.jpg,Person,0.225,0.665424658,,,0.152583545,0.787719
TRAIN,cbbe850d05d6d3b1.jpg,Person,0.401875,0.798684932,,,0.031267383,0.541228
TRAIN,cbbe850d05d6d3b1.jpg,Person,0.4825,1.142356164,,,0.066911914,0.814912
TRAIN,cbf703d4df04fbbc.jpg,Person,0.355,0.57312525,,,0.006666667,0.380625
TRAIN,cd6624c0cdbc72f4.jpg,Person,0.435,0.735,,,0.26687475,0.839167
TRAIN,cdaee92697615984.jpg,Person,0.34625,0.985714286,,,0.076875094,1
TRAIN,ce78e851785c0bf2.jpg,Person,0.575625,1.008941176,,,0.15694918,0.62806
TRAIN,ce78e851785c0bf2.jpg,Person,0.01625,0.976,,,0,0.89548
TRAIN,ce78e851785c0bf2.jpg,Person,0.8825,1.473882353,,,0.15007082,0.588512
TRAIN,cfadc791f3a14042.jpg,Person,0.046875,0.860851689,,,0.131381127,0.963311
TRAIN,d26906b84190b281.jpg,Person,0.169406,0.617192014,,,0.307680158,0.574375
TRAIN,d6b7553315deb2a4.jpg,Person,0.068,1.418307467,,,0.296811523,0.771
TRAIN,d6b7553315deb2a4.jpg,Person,0.466667,0.801609089,,,0.400195313,0.764
TRAIN,d6bd3b36258ac40a.jpg,Person,0.17875,1.029809663,,,0,1
TRAIN,d9361bef269c42fa.jpg,Person,0.4,0.946875,,,0.023438,0.8375
TRAIN,d96a43caa54ae2ea.jpg,Person,0,0.187408492,,,0.357898003,0.844278
TRAIN,d96a43caa54ae2ea.jpg,Person,0.043125,0.281112738,,,0.361652502,0.677298
TRAIN,d96a43caa54ae2ea.jpg,Person,0.12,0.379502196,,,0.357898003,0.999062
TRAIN,d96a43caa54ae2ea.jpg,Person,0.23125,0.577218155,,,0.282189054,0.959662
TRAIN,d96a43caa54ae2ea.jpg,Person,0.32375,0.769311859,,,0.323485208,0.999062
TRAIN,d96a43caa54ae2ea.jpg,Person,0.414375,0.880819912,,,0.169563421,0.909944
TRAIN,d96a43caa54ae2ea.jpg,Person,0.53875,1.098213763,,,0.270926224,0.999062
TRAIN,d96a43caa54ae2ea.jpg,Person,0.668125,1.248140556,,,0.140155735,0.77955
TRAIN,d96a43caa54ae2ea.jpg,Person,0.7825,1.445856515,,,0.299082632,0.884615
TRAIN,d96a43caa54ae2ea.jpg,Person,0.90375,1.498330893,,,0.290323023,0.890244
TRAIN,d9f238238e0a2a14.jpg,Person,0.24625,0.428333333,,,0.43562475,0.705
TRAIN,d9f238238e0a2a14.jpg,Person,0.32125,0.5025,,,0.44874975,0.706667
TRAIN,d9f238238e0a2a14.jpg,Person,0.420625,0.6425,,,0.45375,0.710833
TRAIN,d9f238238e0a2a14.jpg,Person,0.51375,0.720833333,,,0.30812475,0.458333
TRAIN,d9f238238e0a2a14.jpg,Person,0.541875,0.7625,,,0.32874975,0.474167
TRAIN,d9f238238e0a2a14.jpg,Person,0.60375,0.841666667,,,0.316875,0.4725
TRAIN,d9ffd955530af234.jpg,Person,0,0.464606414,,,0.002499479,0.912313
TRAIN,d9ffd955530af234.jpg,Person,0.3525,0.865772595,,,0,0.158582
TRAIN,d9ffd955530af234.jpg,Person,0.4175,1.490845481,,,0.043745229,0.998134
TRAIN,d9ffd955530af234.jpg,Person,0.69875,1.393819242,,,0,0.152985
TRAIN,da9decdb581851fc.jpg,Person,0.131888,0.691757591,,,0.10471086,0.999375
TRAIN,dc1007309e4f7341.jpg,Person,0.11625,0.486666667,,,0.310624875,0.645556
TRAIN,dc1007309e4f7341.jpg,Person,0.72875,1.3,,,0.313125188,0.597778
TRAIN,dc1007309e4f7341.jpg,Person,0.808125,1.454444444,,,0.325000125,0.616667
TRAIN,dc1007309e4f7341.jpg,Person,0.8375,1.507777778,,,0.32375025,0.621111
TRAIN,dc1007309e4f7341.jpg,Person,0.860625,1.547777778,,,0.316874813,0.602222
TRAIN,dc202283ec707854.jpg,Person,0.68,1.265007321,,,0.174569197,0.796435
TRAIN,dd93ac81a60a076e.jpg,Person,0.0775,0.395789474,,,0.228910887,0.964419
TRAIN,dd93ac81a60a076e.jpg,Person,0.265625,0.664327485,,,0.277694648,0.941948
TRAIN,dd93ac81a60a076e.jpg,Person,0.35125,0.688654971,,,0.277694648,0.882023
TRAIN,dd93ac81a60a076e.jpg,Person,0.480625,0.888888889,,,0.281447297,0.807116
TRAIN,dd93ac81a60a076e.jpg,Person,0.516875,0.925380117,,,0.283949508,0.876405
TRAIN,dd93ac81a60a076e.jpg,Person,0.64125,1.064795322,,,0.287702156,0.805243
TRAIN,dd93ac81a60a076e.jpg,Person,0.66125,1.055438596,,,0.285199945,0.703184
TRAIN,dd93ac81a60a076e.jpg,Person,0.688125,1.134035088,,,0.288952594,0.743446
TRAIN,dd93ac81a60a076e.jpg,Person,0.74375,1.220116959,,,0.278945754,0.706929
TRAIN,dd93ac81a60a076e.jpg,Person,0.8,1.496140351,,,0.286451051,0.640449
TRAIN,dd93ac81a60a076e.jpg,Person,0.86,1.379181287,,,0.276444211,0.735955
TRAIN,df41f8ba0d018ce3.jpg,Person,0.117188,0.393274386,,,0.381835652,0.773392
TRAIN,df41f8ba0d018ce3.jpg,Person,0.40332,0.703217029,,,0.278320535,0.559942
TRAIN,df41f8ba0d018ce3.jpg,Person,0.490234,0.82163724,,,0.248046855,0.527778
TRAIN,df41f8ba0d018ce3.jpg,Person,0.546875,0.928362292,,,0.216796605,0.539474
TRAIN,df41f8ba0d018ce3.jpg,Person,0.554688,0.881578667,,,0.241210863,0.466374
TRAIN,df41f8ba0d018ce3.jpg,Person,0.612305,1.00146152,,,0.249023426,0.504386
TRAIN,df41f8ba0d018ce3.jpg,Person,0.743164,1.187134877,,,0.271484543,0.533626
TRAIN,df41f8ba0d018ce3.jpg,Person,0.859375,1.406432561,,,0.310546688,0.595029
TRAIN,df4a144a1a62dea7.jpg,Person,0.146875,0.310170648,,,0.363240741,0.870357
TRAIN,df4a144a1a62dea7.jpg,Person,0.2675,0.44559727,,,0.367616856,0.889293
TRAIN,df4a144a1a62dea7.jpg,Person,0.38375,0.57883959,,,0.393875265,0.848507
TRAIN,df4a144a1a62dea7.jpg,Person,0.496875,0.716450512,,,0.392625437,0.903132
TRAIN,df4a144a1a62dea7.jpg,Person,0.60625,0.843139932,,,0.388248463,0.894392
TRAIN,df4a144a1a62dea7.jpg,Person,0.72375,0.968373151,,,0.397001552,0.889293
TRAIN,df4a144a1a62dea7.jpg,Person,0.803125,1.126370876,,,0.374494345,0.87764
TRAIN,e07583a729ac3ba6.jpg,Person,0,0.142577964,,,0,0.960938
TRAIN,e07583a729ac3ba6.jpg,Person,0.475591,0.589843687,,,0,0.584961
TRAIN,e1923eff0e6bda36.jpg,Person,0,0.596610788,,,0,0.996226
TRAIN,e1923eff0e6bda36.jpg,Person,0.268156,1.846474772,,,0,0.996226
TRAIN,e23847ce90cd252e.jpg,Person,0.058125,0.58658858,,,0.332870455,0.999062
TRAIN,e23847ce90cd252e.jpg,Person,0.369375,1.110395315,,,0.138278819,0.999062
TRAIN,e4bd1ab61f19ccfd.jpg,Person,0.339375,0.6275,,,0.55562475,0.989167
TRAIN,e4bd1ab61f19ccfd.jpg,Person,0,1.3325,,,0.33999975,0.999167
TRAIN,e9c9fca671c68521.jpg,Person,0.156875,0.255812592,,,0.308468546,0.535647
TRAIN,e9c9fca671c68521.jpg,Person,0.1875,0.310161054,,,0.315350571,0.542214
TRAIN,e9c9fca671c68521.jpg,Person,0.224375,0.372942899,,,0.311596739,0.545966
TRAIN,e9c9fca671c68521.jpg,Person,0.26875,0.431976574,,,0.309719823,0.560976
TRAIN,e9c9fca671c68521.jpg,Person,0.30375,0.481639824,,,0.324110847,0.564728
TRAIN,e9c9fca671c68521.jpg,Person,0.339375,0.541610542,,,0.327864679,0.575985
TRAIN,e9c9fca671c68521.jpg,Person,0.468125,0.740263543,,,0.340378786,0.593809
TRAIN,e9c9fca671c68521.jpg,Person,0.5175,0.796486091,,,0.343506979,0.605066
TRAIN,e9c9fca671c68521.jpg,Person,0.550625,0.854582723,,,0.346010201,0.608818
TRAIN,e9c9fca671c68521.jpg,Person,0.608125,0.94079063,,,0.356021087,0.621951
TRAIN,e9c9fca671c68521.jpg,Person,0.644375,0.99045388,,,0.357272364,0.634146
TRAIN,e9c9fca671c68521.jpg,Person,0.71625,1.096339678,,,0.367909556,0.643527
TRAIN,ea836566dd21bef6.jpg,Person,0.301562,0.964582667,,,0.3234375,0.664583
TRAIN,ead2cbe8de6d16fe.jpg,Person,0.386875,1.04952381,,,0.076322531,0.970448
TRAIN,ead2cbe8de6d16fe.jpg,Person,0,0.573333333,,,0.003127688,0.999047
TRAIN,ead2cbe8de6d16fe.jpg,Person,0.333125,0.71047619,,,0.123867844,0.35081
TRAIN,ead2cbe8de6d16fe.jpg,Person,0.7225,1.522857143,,,0.025024125,0.999047
TRAIN,ed5a1511d5c568fd.jpg,Person,0.031875,0.906875,,,0.02125,1
TRAIN,eec3c4c543abf7c8.jpg,Person,0.1075,0.604392387,,,0.015016662,0.853659
TRAIN,eec3c4c543abf7c8.jpg,Person,0.341875,0.854582723,,,0.255283923,0.771107
TRAIN,eec3c4c543abf7c8.jpg,Person,0.555625,1.042928258,,,0.300333909,0.886492
TRAIN,eec3c4c543abf7c8.jpg,Person,0.56875,1.498330893,,,0.182077528,0.999062
TRAIN,eec3c4c543abf7c8.jpg,Person,0.611875,1.213469985,,,0.012514107,0.311445
TRAIN,eec3c4c543abf7c8.jpg,Person,0.851875,1.363396779,,,0.184580083,0.373358
TRAIN,eec3c4c543abf7c8.jpg,Person,0.88875,1.382137628,,,0.17018906,0.375235
TRAIN,eec3c4c543abf7c8.jpg,Person,0.915625,1.438360176,,,0.185832027,0.388368
TRAIN,ef67e36df7197140.jpg,Person,0.085625,0.481590457,,,0,0.735201
TRAIN,ef67e36df7197140.jpg,Person,0.315625,0.992445328,,,0,0.917887
TRAIN,efa924fdbc5bc15d.jpg,Person,0.019375,0.3675,,,0.03125025,0.2675
TRAIN,efa924fdbc5bc15d.jpg,Person,0.156875,0.873333333,,,0.53124975,0.999167
TRAIN,efa924fdbc5bc15d.jpg,Person,0.2275,0.7125,,,0.08750025,0.685833
TRAIN,efa924fdbc5bc15d.jpg,Person,0.34,0.758333333,,,0.091875,0.3
TRAIN,efa924fdbc5bc15d.jpg,Person,0.46,1.090833333,,,0.21999975,0.8
TRAIN,efa924fdbc5bc15d.jpg,Person,0.57875,1.18,,,0.05312475,0.894167
TRAIN,efa924fdbc5bc15d.jpg,Person,0.8475,1.3325,,,0.38000025,0.716667
TRAIN,f2f117e837733507.jpg,Person,0.210156,1.495601548,,,0.101502779,0.998828
TRAIN,f41580614be25cb3.jpg,Person,0.193788,0.581348039,,,0.149198312,0.830625
TRAIN,f4d2696ecd8d06e8.jpg,Person,0.150094,0.240267261,,,0.610014641,0.625625
TRAIN,f4d2696ecd8d06e8.jpg,Person,0.223265,0.666366549,,,0.296105417,0.999375
TRAIN,f4d2696ecd8d06e8.jpg,Person,0.268293,0.298456993,,,0.589399707,0.63625
TRAIN,f56adea09b22cc02.jpg,Person,0.254167,0.70156275,,,0.139582667,0.998438
TRAIN,f5bc57ff7eefc629.jpg,Person,0,0.610064746,,,0,0.999182
TRAIN,f6d23ad4ee893cf5.jpg,Person,0.475983,0.415738416,,,1.093587296,0.890625
TRAIN,f6d23ad4ee893cf5.jpg,Person,0.015284,0.706443066,,,0.960436562,0.884375
TRAIN,f8a29b9fd8d82815.jpg,Person,0,0.664413261,,,0,0.999375
TRAIN,f9196e305e39c3da.jpg,Person,0.4525,0.720833333,,,0.22812525,0.556667
TRAIN,f9196e305e39c3da.jpg,Person,0.505625,0.796666667,,,0.34937475,0.708333
TRAIN,fce138e86bd14097.jpg,Person,0,0.509734513,,,0,0.999056
TRAIN,fce138e86bd14097.jpg,Person,0.42375,1.509380531,,,0.010628842,0.999056
TRAIN,fce138e86bd14097.jpg,Person,0.640625,1.509380531,,,0,0.779037
TRAIN,fce138e86bd14097.jpg,Person,0.704375,1.509380531,,,0,0.395656
TRAIN,fd6092436eea862c.jpg,Person,0.75,1.380705882,,,0.02938875,0.386064
TRAIN,fe3d39511b692860.jpg,Person,0.185,0.954846266,,,0.086346141,0.924015
TRAIN,fe3d39511b692860.jpg,Person,0.453125,1.220966325,,,0.067574979,0.753283
TRAIN,fe8592430de03600.jpg,Person,0.001875,0.040833333,,,0.29750025,0.534167
TRAIN,fe8592430de03600.jpg,Person,0.029375,0.08,,,0.30500025,0.54
TRAIN,fe8592430de03600.jpg,Person,0.055,0.115,,,0.31812525,0.534167
TRAIN,fe8592430de03600.jpg,Person,0.0925,0.166666667,,,0.32187525,0.525833
TRAIN,fe8592430de03600.jpg,Person,0.125,0.2025,,,0.31562475,0.525833
TRAIN,fe8592430de03600.jpg,Person,0.14,0.231666667,,,0.33125025,0.55
TRAIN,fe8592430de03600.jpg,Person,0.194375,0.283333333,,,0.34125,0.543333
TRAIN,fe8592430de03600.jpg,Person,0.208125,0.3225,,,0.328125,0.558333
TRAIN,fe8592430de03600.jpg,Person,0.245,0.364166667,,,0.32874975,0.553333
TRAIN,fe8592430de03600.jpg,Person,0.275625,0.395,,,0.34812525,0.551667
TRAIN,fe8592430de03600.jpg,Person,0.2925,0.426666667,,,0.358125,0.565833
TRAIN,fe8592430de03600.jpg,Person,0.36,0.5175,,,0.35687475,0.56
TRAIN,fe8592430de03600.jpg,Person,0.3975,0.5575,,,0.36312525,0.564167
TRAIN,fe8592430de03600.jpg,Person,0.44125,0.615833333,,,0.375,0.574167
TRAIN,fe8592430de03600.jpg,Person,0.468125,0.648333333,,,0.38124975,0.565833
TRAIN,fe8592430de03600.jpg,Person,0.48875,0.670833333,,,0.38000025,0.574167
TRAIN,fe8592430de03600.jpg,Person,0.52875,0.7275,,,0.384375,0.5775
TRAIN,fe8592430de03600.jpg,Person,0.545625,0.755,,,0.39437475,0.574167
TRAIN,fe8592430de03600.jpg,Person,0.573125,0.7775,,,0.39812475,0.5775
TRAIN,fe8592430de03600.jpg,Person,0.59125,0.8175,,,0.384375,0.585833
TRAIN,fef26ff6aab4d638.jpg,Person,0,0.2225,,,0.19374975,0.673333
TRAIN,fef26ff6aab4d638.jpg,Person,0.08,0.306666667,,,0.20937525,0.654167
TRAIN,fef26ff6aab4d638.jpg,Person,0.160625,0.260833333,,,0.050625,0.155833
TRAIN,fef26ff6aab4d638.jpg,Person,0.164375,0.284166667,,,0.04374975,0.166667
TRAIN,fef26ff6aab4d638.jpg,Person,0.19625,0.308333333,,,0.01812525,0.118333
TRAIN,fef26ff6aab4d638.jpg,Person,0.20875,0.570833333,,,0.18624975,0.584167
TRAIN,fef26ff6aab4d638.jpg,Person,0.209375,0.380833333,,,0.18999975,0.444167
TRAIN,fef26ff6aab4d638.jpg,Person,0.2225,0.425833333,,,0.21062475,0.6025
TRAIN,fef26ff6aab4d638.jpg,Person,0.280625,0.940833333,,,0.31250025,0.999167
TRAIN,fef26ff6aab4d638.jpg,Person,0.283125,0.645833333,,,0.20375025,0.609167
TRAIN,fef26ff6aab4d638.jpg,Person,0.34,0.516666667,,,0,0.090833
TRAIN,fef26ff6aab4d638.jpg,Person,0.345625,0.486666667,,,0,0.098333
TRAIN,fef26ff6aab4d638.jpg,Person,0.361875,0.52,,,0,0.051667
TRAIN,fef26ff6aab4d638.jpg,Person,0.519375,0.915,,,0.178125,0.513333
TRAIN,fef26ff6aab4d638.jpg,Person,0.575,0.975,,,0.08124975,0.48
TRAIN,fef26ff6aab4d638.jpg,Person,0.6625,1.255833333,,,0.20937525,0.999167
TRAIN,fef26ff6aab4d638.jpg,Person,0.835625,1.3325,,,0.219375,0.926667
TRAIN,fef26ff6aab4d638.jpg,Person,0.898125,1.3325,,,0.20687475,0.504167
TRAIN,ff39c950eceac2f5.jpg,Person,0.29,1.209166667,,,0.07937475,0.983333
TRAIN,002925a957649d69.jpg,Scissors,0.073125,0.338333333,,,0.41124975,0.791667
TRAIN,00355394ff6ba2cd.jpg,Scissors,0,0.765545723,,,0.235083258,0.999056
TRAIN,00d9d08fc21858c3.jpg,Scissors,0,0.204423217,,,0,0.142747
TRAIN,00d9d08fc21858c3.jpg,Scissors,0,0.204423217,,,0.361097804,0.484568
TRAIN,00d9d08fc21858c3.jpg,Scissors,0,0.2059658,,,0.163026712,0.326389
TRAIN,00d9d08fc21858c3.jpg,Scissors,0,0.212908946,,,0.869986233,0.999228
TRAIN,00d9d08fc21858c3.jpg,Scissors,0,0.222937258,,,0.517268672,0.66821
TRAIN,00d9d08fc21858c3.jpg,Scissors,0,0.222937258,,,0.681818795,0.845679
TRAIN,00d9d08fc21858c3.jpg,Scissors,0.77837,1.012086758,,,0.756476801,0.912037
TRAIN,00d9d08fc21858c3.jpg,Scissors,0.78294,1.012086758,,,0.586593258,0.718364
TRAIN,00d9d08fc21858c3.jpg,Scissors,0.788271,1.012086758,,,0.453276519,0.560185
TRAIN,00d9d08fc21858c3.jpg,Scissors,0.800457,1.012086758,,,0.102082368,0.236883
TRAIN,00d9d08fc21858c3.jpg,Scissors,0.800457,1.012086758,,,0.252920804,0.421296
TRAIN,00f1220b911e7711.jpg,Scissors,0.23625,1.402752562,,,0.22462496,0.827392
TRAIN,00f1220b911e7711.jpg,Scissors,0.23625,1.406500732,,,0.225876237,0.829268
TRAIN,0129321b0295761d.jpg,Scissors,0.038125,1.387759883,,,0.138904458,0.899625
TRAIN,01f400f7e06ded7c.jpg,Scissors,0.12125,0.635,,,0.20000025,0.625
TRAIN,02553774dc3378ea.jpg,Scissors,0.02625,1.259166667,,,0.06875025,0.890833
TRAIN,0280299603478c39.jpg,Scissors,0.43125,1.29,,,0.23687475,0.87
TRAIN,0280299603478c39.jpg,Scissors,0.433125,1.286666667,,,0.23750025,0.864167
TRAIN,0374e54219e0affa.jpg,Scissors,0.4575,0.772705882,,,0.090667773,0.33145
TRAIN,0374e54219e0affa.jpg,Scissors,0.521875,0.872470588,,,0.080663008,0.36064
TRAIN,03fdce53775bd76a.jpg,Scissors,0.85,1.501466276,,,0.014994676,0.296435
TRAIN,052016229c1776c3.jpg,Scissors,0.424375,0.877419355,,,0.040648932,0.278873
TRAIN,05f48f3eeec049d1.jpg,Scissors,0.701887,0.655665993,,,0.130124463,0.640252
TRAIN,0665cd6767d4c327.jpg,Scissors,0.236875,0.72,,,0.16187475,0.999167
TRAIN,0729e3cb5953e65b.jpg,Scissors,0.029375,1.44398243,,,0.217742268,0.912758
TRAIN,0771c8cd42711fdf.jpg,Scissors,0.3025,1.136666667,,,0.20874975,0.848333
TRAIN,0771c8cd42711fdf.jpg,Scissors,0.3675,1.003333333,,,0.11750025,0.58
TRAIN,077fd9f464f99749.jpg,Scissors,0.248125,0.589166667,,,0.271875,0.530833
TRAIN,083513c358698eb3.jpg,Scissors,0.004902,0.998366,,,0.004902,0.998366
TRAIN,09073ab349d21636.jpg,Scissors,0,0.85190644,,,0.251953045,0.859238
TRAIN,09a2d5e9de3e6356.jpg,Scissors,0.36375,0.898245614,,,0.063169137,0.931648
TRAIN,09f67542c4ac4b71.jpg,Scissors,0.48125,0.938333333,,,0.02687475,0.46
TRAIN,0a162f2e9496a02c.jpg,Scissors,0.24,0.32187525,,,0.828333333,0.95125
TRAIN,0a7b3fdc6d59b5f4.jpg,Scissors,0.158203,0.633576455,,,0.31542979,0.916788
TRAIN,0b07a6323c64c43c.jpg,Scissors,0.5425,0.95632951,,,0.299262318,0.940627
TRAIN,0c2d970321549b54.jpg,Scissors,0.58,0.817021277,,,0.147475352,0.809394
TRAIN,0f5002d5adc1b9e0.jpg,Scissors,0.355469,1.210834272,,,0.333984332,0.964861
TRAIN,0f7f16468c061ff3.jpg,Scissors,0.53875,1.206666667,,,0,0.368333
TRAIN,0faa2acec61d832e.jpg,Scissors,0.4025,1.429926794,,,0.187083305,0.788931
TRAIN,102b50f06b79b1fc.jpg,Scissors,0.0325,0.44,,,0.08000025,0.61
TRAIN,102b50f06b79b1fc.jpg,Scissors,0.03375,1.176666667,,,0.06375,0.8825
TRAIN,12a775700effdacf.jpg,Scissors,0.02,1.288333333,,,0.16250025,0.883333
TRAIN,12a775700effdacf.jpg,Scissors,0.02125,1.3,,,0.15500025,0.881667
TRAIN,13b59d70b5cd62d2.jpg,Scissors,0.476987,0.583902387,,,0.345098039,0.618125
TRAIN,13b971633b61b3ba.jpg,Scissors,0.525,0.998438,,,0.221875,0.632812
TRAIN,1544dd5bd731cf38.jpg,Scissors,0,1.502209508,,,0.019531196,0.997055
TRAIN,1637a30b355958f0.jpg,Scissors,0,1.3325,,,0,0.999167
TRAIN,164739581849ec40.jpg,Scissors,0.28125,1.3325,,,0.10749975,0.779167
TRAIN,17845ab345137fff.jpg,Scissors,0.129375,1.175,,,0.38937525,0.925
TRAIN,17845ab345137fff.jpg,Scissors,0.170625,1.108333333,,,0.20874975,0.599167
TRAIN,17899ccd938cb415.jpg,Scissors,0,1.498330893,,,0.004380138,0.996248
TRAIN,1992a44f1ecbd74b.jpg,Scissors,0.41875,0.818333333,,,0.21500025,0.821667
TRAIN,1a0250a5b3bdd47f.jpg,Scissors,0.044375,1.246666667,,,0.06437475,0.79
TRAIN,1c0c373bb2ab44aa.jpg,Scissors,0,1.227138643,,,0.166934326,0.999056
TRAIN,1c203ee248268031.jpg,Scissors,0.021875,0.312035139,,,0.533719145,0.999062
TRAIN,1c203ee248268031.jpg,Scissors,0.121875,1.098213763,,,0.090726278,0.751407
TRAIN,1c203ee248268031.jpg,Scissors,0.30375,1.389633968,,,0.145161512,0.765478
TRAIN,1c5606677a46ffa5.jpg,Scissors,0.725833,0.74937525,,,0,0.8175
TRAIN,1debd7f981425527.jpg,Scissors,0,0.369686139,,,0.749962917,0.916875
TRAIN,2082f1cfde105fa6.jpg,Scissors,0.110352,1.494875081,,,0.00292943,0.998536
TRAIN,20b7f2b2e07804c3.jpg,Scissors,0.51,1.278125915,,,0.434451364,0.841612
TRAIN,2179b26f8512759d.jpg,Scissors,0.048048,0.609363367,,,0.61859642,0.821656
TRAIN,22caecd7dc6be579.jpg,Scissors,0.063125,0.449780381,,,0.046301264,0.946529
TRAIN,253c1627edc7f6bb.jpg,Scissors,0.0975,0.931162791,,,0.151249813,0.653023
TRAIN,26fb5c43bd996f94.jpg,Scissors,0.34625,1.073333333,,,0.24437475,0.966667
TRAIN,278d6c297f9c0a74.jpg,Scissors,0.235938,0.567187,,,0.617188,0.81875
TRAIN,2a8a7aec962dcb95.jpg,Scissors,0.041875,1.286666667,,,0.1125,0.41
TRAIN,2a8a7aec962dcb95.jpg,Scissors,0.055625,1.3025,,,0.40749975,0.784167
TRAIN,2ab4e89c6ce71335.jpg,Scissors,0.034375,1.496926079,,,0.046861537,0.892272
TRAIN,2ad739a75e52ab28.jpg,Scissors,0.01125,0.998333333,,,0.41499975,0.903333
TRAIN,2b1186a7d72d5d4b.jpg,Scissors,0.216875,0.514152652,,,0.14071997,0.708368
TRAIN,2c11ab9c97b18bde.jpg,Scissors,0.47,0.474375,,,0.440833333,0.59375
TRAIN,2cb8208be5057de7.jpg,Scissors,0.0325,1.314166667,,,0.2625,0.816667
TRAIN,2f76dace25e545a9.jpg,Scissors,0.15125,1.116954612,,,0.041921793,0.999062
TRAIN,3544d6c305b3fdc3.jpg,Scissors,0.27375,1.319609121,,,0.298555701,0.991667
TRAIN,363738fd19dee9a9.jpg,Scissors,0.7075,1.230833333,,,0.15437475,0.765
TRAIN,39c1340854f9dfe8.jpg,Scissors,0.0925,0.641874085,,,0.077586532,0.34334
TRAIN,3abd5ac8ddc726d7.jpg,Scissors,0.14625,0.895833333,,,0,0.303333
TRAIN,3c4f4c84e7b9d1f3.jpg,Scissors,0.153125,0.597522124,,,0.224867572,0.861321
TRAIN,3ddaada9a575044d.jpg,Scissors,0.5475,1.153499268,,,0.172066643,0.930582
TRAIN,3ea12db3e96c24e6.jpg,Scissors,0.0275,1.293333333,,,0.105,0.583333
TRAIN,3ea12db3e96c24e6.jpg,Scissors,0.03,1.205833333,,,0.29625,0.834167
TRAIN,3fda8c429ceee5ad.jpg,Scissors,0.36375,1.498330893,,,0.066323702,0.861163
TRAIN,40da16b1fc2c0a65.jpg,Scissors,0.136875,1.288333333,,,0.114375,0.999167
TRAIN,454faea5eb51ab91.jpg,Scissors,0.06375,1.380263543,,,0.124513435,0.844278
TRAIN,4778e222f3c76fcf.jpg,Scissors,0.02125,0.942664714,,,0.079463448,0.728893
TRAIN,4778e222f3c76fcf.jpg,Scissors,0.26125,1.460849195,,,0.089474334,0.888368
TRAIN,480ec190231e5d16.jpg,Scissors,0.126389,1.090850454,,,0.192999539,0.878601
TRAIN,49579c9c68a7fab2.jpg,Scissors,0.385185,1.1873103,,,0.286936654,0.953883
TRAIN,495a4f542786f8b5.jpg,Scissors,0.018125,0.141666667,,,0.21624975,0.589167
TRAIN,495a4f542786f8b5.jpg,Scissors,0.089375,0.348333333,,,0.21375,0.763333
TRAIN,495a4f542786f8b5.jpg,Scissors,0.2625,1.324166667,,,0.06,0.866667
TRAIN,4ba4b7553d27e454.jpg,Scissors,0.5075,1.186666667,,,0.20312475,0.453333
TRAIN,4beebd071d43f0b6.jpg,Scissors,0,0.6375,,,0.24999975,0.658333
TRAIN,4beebd071d43f0b6.jpg,Scissors,0.1275,0.6625,,,0.45812475,0.9125
TRAIN,4beebd071d43f0b6.jpg,Scissors,0.449375,1.3325,,,0.358125,0.763333
TRAIN,4c1bc1df2da1e82b.jpg,Scissors,0.797143,1.505882353,,,0.072832383,0.701075
TRAIN,4c1bc1df2da1e82b.jpg,Scissors,0.611429,1.346689506,,,0,0.701075
TRAIN,4c49db2791b103ba.jpg,Scissors,0.525194,1.127983875,,,0,0.518041
TRAIN,4d32a01888089c78.jpg,Scissors,0.35,0.7,,,0.083,0.833
TRAIN,4d32a01888089c78.jpg,Scissors,0.362,0.709,,,0.087,0.84
TRAIN,4edf280ec87a1e26.jpg,Scissors,0.006875,1.460849195,,,0.069452563,0.871482
TRAIN,4fbb3f0552e74902.jpg,Scissors,0.426667,0.998667,,,0.058667,0.809333
TRAIN,4fdb23994bcce1d4.jpg,Scissors,0,0.916427526,,,0.056312816,0.999062
TRAIN,5095984c0c422e37.jpg,Scissors,0.113125,0.543333333,,,0.47187525,0.999167
TRAIN,537db472a69658b4.jpg,Scissors,0.606771,1.332176,,,0.313368,0.834491
TRAIN,5384c83bcc0cd7b7.jpg,Scissors,0.051875,1.283333333,,,0.09312525,0.75
TRAIN,543583d2cad2e699.jpg,Scissors,0.078125,0.281912948,,,0.051583492,0.55574
TRAIN,5483fa8be14fe118.jpg,Scissors,0.157227,0.688791032,,,0.450195311,0.855457
TRAIN,553c8d4e8f86aa8c.jpg,Scissors,0.01,1.372804378,,,0,0.699386
TRAIN,574d7455ce4bff11.jpg,Scissors,0.18875,0.848333333,,,0.26562525,0.708333
TRAIN,574d7455ce4bff11.jpg,Scissors,0.328125,0.995833333,,,0.50312475,0.906667
TRAIN,577b4bb6c273b401.jpg,Scissors,0.514375,1.359043825,,,0.278257767,0.614796
TRAIN,57adaf213bc58dda.jpg,Scissors,0.036667,0.70250025,,,0.39,0.704375
TRAIN,58503a8b2c2eb121.jpg,Scissors,0.334375,0.869166667,,,0.06437475,0.938333
TRAIN,587d965669dea9e1.jpg,Scissors,0.368164,1.259114667,,,0.1904295,0.997396
TRAIN,5a5fc223bff36cf1.jpg,Scissors,0.207813,0.817187,,,0.029687,0.954687
TRAIN,5b75809b473e473b.jpg,Scissors,0.274825,0.534965,,,0.393706,0.895804
TRAIN,5db8215110a5e096.jpg,Scissors,0.3125,1.291666667,,,0.13125,0.998333
TRAIN,5e1c1bdffb62628d.jpg,Scissors,0.163125,0.968333333,,,0.43187475,0.953333
TRAIN,5e24506f38d4187c.jpg,Scissors,0.111875,1.2175,,,0.14124975,0.999167
TRAIN,60544003eb011846.jpg,Scissors,0.2625,0.557813,,,0.020312,0.220313
TRAIN,62c9cf319d97ae2c.jpg,Scissors,0.134375,1.091666667,,,0.08593725,0.877083
TRAIN,63ded148cdec81de.jpg,Scissors,0.176875,1.028333333,,,0.07812525,0.8825
TRAIN,64037f58cfe3ea9d.jpg,Scissors,0.349673,0.78268,,,0.096405,0.331699
TRAIN,64c22d67fd6e2b2c.jpg,Scissors,0.515625,1.11835536,,,0.216466225,0.989652
TRAIN,68b008cbf32803e0.jpg,Scissors,0.164375,0.405833333,,,0.32312475,0.838333
TRAIN,69fff80981062026.jpg,Scissors,0.08125,0.433333333,,,0.06875025,0.708333
TRAIN,69fff80981062026.jpg,Scissors,0.240625,0.579166667,,,0.225,0.7625
TRAIN,69fff80981062026.jpg,Scissors,0.371875,0.708333333,,,0.065625,0.679167
TRAIN,6b3ba71c3019d9a8.jpg,Scissors,0.328125,1.3325,,,0.166875,0.8375
TRAIN,6bfe4e53638ad709.jpg,Scissors,0.010625,1.498330893,,,0.135776265,0.772983
TRAIN,6c2d1c8b7a73e18d.jpg,Scissors,0.326,0.880249567,,,0.018015473,0.420959
TRAIN,6d2a8286db4115d1.jpg,Scissors,0.334375,0.634166667,,,0.256875,0.573333
TRAIN,6fe345b106b20990.jpg,Scissors,0.3425,1.166666667,,,0.23625,0.998333
TRAIN,7037ea6657fd616a.jpg,Scissors,0.688125,1.502731278,,,0.083833494,0.999059
TRAIN,72bea1b162b06919.jpg,Scissors,0.249375,1.111085044,,,0.041860414,0.722326
TRAIN,737ba81e2278a613.jpg,Scissors,0,0.634281006,,,0.267663937,0.698043
TRAIN,740cacf57a45beb0.jpg,Scissors,0.126563,0.677082667,,,0.43281225,0.775
TRAIN,740cacf57a45beb0.jpg,Scissors,0.259375,1.1625,,,0.49843725,0.916667
TRAIN,740cacf57a45beb0.jpg,Scissors,0.454688,1.266666667,,,0.33593775,0.529167
TRAIN,740cacf57a45beb0.jpg,Scissors,0.49375,1.331250667,,,0.37187475,0.639583
TRAIN,740cacf57a45beb0.jpg,Scissors,0.554688,1.331250667,,,0.44375025,0.775
TRAIN,758eb843a2786673.jpg,Scissors,0.360625,1.062606149,,,0.453003752,0.884615
TRAIN,76484cb76b96f957.jpg,Scissors,0.025707,1.330458299,,,0.322337164,0.856164
TRAIN,77601f77b9ed0111.jpg,Scissors,0.095833,0.72437475,,,0.085,0.94375
TRAIN,7d9d0c75ed48acd7.jpg,Scissors,0.013125,1.3325,,,0.06999975,0.916667
TRAIN,7eb99084c09fb442.jpg,Scissors,0.428125,1.1875,,,0.0328125,0.927083
TRAIN,815c60dd718f4af7.jpg,Scissors,0.14625,0.437251908,,,0.152639818,0.755501
TRAIN,85370d41e92afc77.jpg,Scissors,0.214375,1.252825769,,,0.135776265,0.990619
TRAIN,8d0a2358288afee5.jpg,Scissors,0.718021,0.656453428,,,0.900671533,1
TRAIN,8d0d595aec540909.jpg,Scissors,0.4775,1.144166667,,,0.03812475,0.938333
TRAIN,8efc8a6294551669.jpg,Scissors,0.31375,1.089780381,,,0.066323702,0.913696
TRAIN,92bdf5fd13c7d6a6.jpg,Scissors,0.065625,1.28,,,0.287787674,0.943556
TRAIN,92e0b64b52e6eb2a.jpg,Scissors,0.626562,1.528358209,,,0.335736738,0.785203
TRAIN,93c56b102008673b.jpg,Scissors,0.012222,0.925280376,,,0.041087539,0.64214
TRAIN,95a48514f4657a04.jpg,Scissors,0.29,0.665016287,,,0.010617883,0.467708
TRAIN,9703917fce44e1fe.jpg,Scissors,0,0.0875,,,0.47187525,0.902083
TRAIN,9703917fce44e1fe.jpg,Scissors,0,0.106249333,,,0.2765625,0.558333
TRAIN,9703917fce44e1fe.jpg,Scissors,0,0.172917333,,,0.09531225,0.275
TRAIN,9703917fce44e1fe.jpg,Scissors,0.001563,0.104166667,,,0.03437475,0.185417
TRAIN,9703917fce44e1fe.jpg,Scissors,0.04375,0.2875,,,0.55625025,0.997917
TRAIN,9703917fce44e1fe.jpg,Scissors,0.060938,0.283333333,,,0.1171875,0.40625
TRAIN,9703917fce44e1fe.jpg,Scissors,0.089062,0.252084,,,0.32968725,0.739583
TRAIN,9703917fce44e1fe.jpg,Scissors,0.123438,0.268749333,,,0,0.102083
TRAIN,9703917fce44e1fe.jpg,Scissors,0.190625,0.489584,,,0.1734375,0.454167
TRAIN,9703917fce44e1fe.jpg,Scissors,0.195312,0.520833333,,,0.01875,0.145833
TRAIN,9703917fce44e1fe.jpg,Scissors,0.20625,0.6,,,0.33125025,0.708333
TRAIN,9703917fce44e1fe.jpg,Scissors,0.23125,0.647917333,,,0.53750025,0.997917
TRAIN,9703917fce44e1fe.jpg,Scissors,0.365625,0.804166667,,,0.075,0.277083
TRAIN,9703917fce44e1fe.jpg,Scissors,0.429688,0.735416,,,0,0.095833
TRAIN,9703917fce44e1fe.jpg,Scissors,0.457812,0.979166667,,,0.35937525,0.854167
TRAIN,9703917fce44e1fe.jpg,Scissors,0.490625,0.881249333,,,0.1640625,0.55
TRAIN,9703917fce44e1fe.jpg,Scissors,0.539062,0.835416,,,0.6984375,0.997917
TRAIN,9703917fce44e1fe.jpg,Scissors,0.61875,1.175,,,0.02499975,0.26875
TRAIN,9703917fce44e1fe.jpg,Scissors,0.670313,1.158333333,,,0.58749975,0.997917
TRAIN,9703917fce44e1fe.jpg,Scissors,0.735937,1.331250667,,,0.15624975,0.41875
TRAIN,9703917fce44e1fe.jpg,Scissors,0.773438,1.331250667,,,0.421875,0.96875
TRAIN,9784ca505160fdda.jpg,Scissors,0.588125,1.498330893,,,0.231507652,0.804878
TRAIN,99e02544e62c1e55.jpg,Scissors,0,0.2675,,,0,0.174167
TRAIN,99e98d02841f8cc2.jpg,Scissors,0.08125,1.035,,,0.22749975,0.675833
TRAIN,9a329ac902912212.jpg,Scissors,0.000625,0.455827338,,,0.157010273,0.573272
TRAIN,9b8f1317cbf4cedf.jpg,Scissors,0.120312,0.547916,,,0.11562525,0.466667
TRAIN,9c99e711d51171db.jpg,Scissors,0.108125,1.221391941,,,0.009380109,0.896794
TRAIN,9cbf7300f6fa9a97.jpg,Scissors,0.08,0.42,,,0.31812525,0.880833
TRAIN,9cbf7300f6fa9a97.jpg,Scissors,0.6925,1.243333333,,,0.23562525,0.751667
TRAIN,9d0320d76ada38b9.jpg,Scissors,0.41125,1.363665768,,,0.051891451,0.549612
TRAIN,9ffc6fe49e883f37.jpg,Scissors,0.34625,1.3325,,,0.16437525,0.819167
TRAIN,a02f424d5c679444.jpg,Scissors,0.214375,0.689166667,,,0.46937475,0.780833
TRAIN,a089a07ce643290e.jpg,Scissors,0.503125,0.94705618,,,0.080035684,0.825899
TRAIN,a089a07ce643290e.jpg,Scissors,0.559375,1.149842697,,,0.095043135,0.676259
TRAIN,a089a07ce643290e.jpg,Scissors,0.588125,1.072179775,,,0.172577432,0.807194
TRAIN,a3408c8e64a23f1f.jpg,Scissors,0.342187,0.928125,,,0,0.301562
TRAIN,a4acc79e6782b65f.jpg,Scissors,0.177,1.332,,,0.15500025,0.937333
TRAIN,a4b3c9edcdc6c655.jpg,Scissors,0.00375,0.356666667,,,0.21500025,0.908333
TRAIN,a585889cbe7da1fa.jpg,Scissors,0,1.014142313,,,0.055454397,0.993072
TRAIN,a62b60f0b6e5c60c.jpg,Scissors,0.855,1.666710098,,,0.293558557,0.998958
TRAIN,a7858df284e98c0e.jpg,Scissors,0.116875,1.099970545,,,0.162018418,0.945283
TRAIN,a7b7cf97f7f605f3.jpg,Scissors,0.062,0.210016086,,,0.403731703,0.849108
TRAIN,a9aeabc4662f20da.jpg,Scissors,0.476875,0.8475,,,0.114375,0.298333
TRAIN,aadca99afdeae98c.jpg,Scissors,0.351082,1.463427838,,,0.078982989,0.68018
TRAIN,abaf829f82c2bc00.jpg,Scissors,0.075195,1.361639637,,,0.130859198,0.877013
TRAIN,ae58d4719628763b.jpg,Scissors,0.456667,0.67937475,,,0.386666667,0.999375
TRAIN,aebf5c1e351e7c94.jpg,Scissors,0.4725,1.231273792,,,0.110122411,0.84803
TRAIN,af583a2a193ed165.jpg,Scissors,0.1125,0.440833333,,,0.345,0.999167
TRAIN,af940ad867083f88.jpg,Scissors,0.2075,1.285019608,,,0.163792925,0.720502
TRAIN,afd88d8ddd606558.jpg,Scissors,0.04375,1.432470588,,,0.107550898,0.817326
TRAIN,b0741b5017d32b48.jpg,Scissors,0.016,0.348650694,,,0.102054608,0.842377
TRAIN,b0827048fbad94ce.jpg,Scissors,0.0275,1.701490468,,,0.110068948,0.809101
TRAIN,b0827048fbad94ce.jpg,Scissors,0.02875,1.710363951,,,0.113821139,0.802442
TRAIN,b0e5d8c40699fad6.jpg,Scissors,0.214052,0.424837,,,0.470588,0.763072
TRAIN,b0e5d8c40699fad6.jpg,Scissors,0.279412,0.581699,,,0.511438,0.852941
TRAIN,b0e5d8c40699fad6.jpg,Scissors,0.684641,0.919935,,,0.55719,0.856209
TRAIN,b1320f34e1c0e753.jpg,Scissors,0.277778,0.747282206,,,0.583470173,0.918644
TRAIN,ba5182360c88597a.jpg,Scissors,0,0.168333333,,,0.06624975,0.448333
TRAIN,ba5182360c88597a.jpg,Scissors,0.583125,1.3325,,,0,0.296667
TRAIN,bb7183b46e5cd95c.jpg,Scissors,0.47625,0.955833333,,,0.58562475,0.999167
TRAIN,bbb42d9b34546b16.jpg,Scissors,0.511059,1.342267801,,,0.4634865,0.98748
TRAIN,bbb42d9b34546b16.jpg,Scissors,0.641444,1.307850919,,,0.402930568,0.723005
TRAIN,bd8754e9f55bf9bf.jpg,Scissors,0.083125,1.432737921,,,0.188334582,0.789869
TRAIN,bec9f30867253ccc.jpg,Scissors,0.186,0.41934375,,,0.237970286,0.865157
TRAIN,c0bc1efcc510b156.jpg,Scissors,0.71625,1.0875,,,0.245625,0.5325
TRAIN,c1bae7f2e4ac9eac.jpg,Scissors,0.442969,1.283285208,,,0.244387773,0.998828
TRAIN,c2dbf41f9f065a4a.jpg,Scissors,0.246094,1.104166667,,,0.0703125,0.878125
TRAIN,c33479a70179a71c.jpg,Scissors,0.5675,1.509380531,,,0.129923074,0.999057
TRAIN,c475ab94bad4240d.jpg,Scissors,0,0.555208,,,0.17187525,0.998958
TRAIN,c53194e9ea228ea3.jpg,Scissors,0.151786,0.660833718,,,0.074959701,0.997347
TRAIN,c5e6f80e74850585.jpg,Scissors,0.723949,1.330896,,,0.563415,0.997561
TRAIN,c6e543fcc0f6702e.jpg,Scissors,0.072266,1.177082667,,,0.08398425,0.890625
TRAIN,c7b7903e7083b4ad.jpg,Scissors,0.08125,1.173644931,,,0.121839463,0.845433
TRAIN,c802063acc1af76b.jpg,Scissors,0.6475,1.268256881,,,0,0.841487
TRAIN,ca217d09774d72f2.jpg,Scissors,0.37375,0.666158447,,,0,0.999167
TRAIN,caf2a691ea39874a.jpg,Scissors,0.4775,0.938333333,,,0.21375,0.755
TRAIN,cb58c0e9e79e557e.jpg,Scissors,0.0675,0.695482295,,,0.54967057,0.974199
TRAIN,cb5ccdebc29f1a37.jpg,Scissors,0.026283,0.323316349,,,0.140182542,0.835
TRAIN,cb5ccdebc29f1a37.jpg,Scissors,0.113892,0.333316661,,,0.403024339,0.878333
TRAIN,cf482631b176b873.jpg,Scissors,0.246479,1.083774372,,,0.109110796,0.872917
TRAIN,cfb20ad8c7f3001b.jpg,Scissors,0.005,1.278333333,,,0,0.378333
TRAIN,d0e9861f02944b9e.jpg,Scissors,0.49,1.385989247,,,0.040019531,0.731667
TRAIN,d0fccecd1e22abff.jpg,Scissors,0.021875,1.684040404,,,0.069384305,0.815733
TRAIN,d112ec2d83344eb2.jpg,Scissors,0.53375,1.275,,,0.19437525,0.885833
TRAIN,d559b921526cf162.jpg,Scissors,0,0.74843775,,,0,0.389062
TRAIN,d622542e6f7d06a9.jpg,Scissors,0.491358,1.161911181,,,0.634256861,0.980831
TRAIN,d74f1cf160521665.jpg,Scissors,0.201875,1.065833333,,,0.275625,0.816667
TRAIN,d7cbfd0b2dbf3d67.jpg,Scissors,0.222656,0.445421245,,,0.494410465,0.985352
TRAIN,d7cbfd0b2dbf3d67.jpg,Scissors,0.521875,0.781440781,,,0.570173563,0.950195
TRAIN,d823e00f78b9c988.jpg,Scissors,0.241071,0.363851736,,,0.57487923,0.759513
TRAIN,d98ee0cd1e2be089.jpg,Scissors,0,1.496140351,,,0,0.999064
TRAIN,d9f6570ad386496c.jpg,Scissors,0.226667,0.56000025,,,0.967777778,0.791875
TRAIN,db9b601042846153.jpg,Scissors,0.291113,0.437508281,,,0.516945318,0.753053
TRAIN,dc7f72291f287edf.jpg,Scissors,0.712963,1.272290499,,,0.373942647,0.633495
TRAIN,de98caaefed79b83.jpg,Scissors,0.1375,1.33341142,,,0.005631415,0.999062
TRAIN,deccb3051c749ed8.jpg,Scissors,0.100667,1.627354547,,,0.05533798,0.931845
TRAIN,e2bf439c30d4a19a.jpg,Scissors,0.109259,0.893765586,,,0.305504826,0.997636
TRAIN,e2bf439c30d4a19a.jpg,Scissors,0.316667,1.217696878,,,0.268474199,0.964539
TRAIN,e2dbe76154dddae2.jpg,Scissors,0.223438,0.559292791,,,0.493458861,0.917453
TRAIN,e45db6d448185908.jpg,Scissors,0.020625,0.1725,,,0.403125,0.679167
TRAIN,e50d92f0358dd60d.jpg,Scissors,0.764375,1.371830161,,,0.217116629,0.82364
TRAIN,e5109f6047882de9.jpg,Scissors,0.681875,1.450541728,,,0.329741595,0.824578
TRAIN,e95073a8962dbafb.jpg,Scissors,0.130625,1.185,,,0.03125025,0.364167
TRAIN,e95073a8962dbafb.jpg,Scissors,0.169375,0.933333333,,,0.316875,0.679167
TRAIN,e95073a8962dbafb.jpg,Scissors,0.209375,0.723333333,,,0.57500025,0.921667
TRAIN,edee8658f77dd42a.jpg,Scissors,0.473125,1.146939971,,,0.055061539,0.893996
TRAIN,f79cb0bfd8807f2a.jpg,Scissors,0.811523,1.285156,,,0.06152325,0.59375
TRAIN,fd8f194ba5c426bf.jpg,Scissors,0,0.18125025,,,0.285416,0.414062
TRAIN,fd8f194ba5c426bf.jpg,Scissors,0,0.18906225,,,0.277084,0.41875
TRAIN,fd8f194ba5c426bf.jpg,Scissors,0,0.28125,,,0,0.115625
TRAIN,fd8f194ba5c426bf.jpg,Scissors,0,0.28281225,,,0,0.11875
TRAIN,fd8f194ba5c426bf.jpg,Scissors,0.0875,0.45,,,0.227082667,0.860937
TRAIN,fd8f194ba5c426bf.jpg,Scissors,0.095833,0.44218725,,,0.222916,0.86875
TRAIN,fd8f194ba5c426bf.jpg,Scissors,0.20625,0.41406225,,,0,0.128125
TRAIN,fd8f194ba5c426bf.jpg,Scissors,0.216667,0.41406225,,,0,0.126563
TRAIN,fd8f194ba5c426bf.jpg,Scissors,0.483333,0.7078125,,,0.2375,0.870313
TRAIN,fd8f194ba5c426bf.jpg,Scissors,0.485417,0.703125,,,0.245833333,0.870313
TRAIN,fd93ee8b8245de4b.jpg,Scissors,0.016875,1.220833333,,,0,0.999167
TRAIN,000872c905a57b65.jpg,Screwdriver,0.745,0.59625,,,0.986666667,0.80875
TRAIN,000872c905a57b65.jpg,Screwdriver,0.75,0.59499975,,,0.9575,0.769375
TRAIN,000872c905a57b65.jpg,Screwdriver,0.754167,0.598125,,,1.06,0.84125
TRAIN,000872c905a57b65.jpg,Screwdriver,0.754167,0.62874975,,,1.085,0.928125
TRAIN,000872c905a57b65.jpg,Screwdriver,0.760833,0.62187525,,,1.03,0.865
TRAIN,000872c905a57b65.jpg,Screwdriver,0.7675,0.63249975,,,1.233333333,0.99625
TRAIN,000872c905a57b65.jpg,Screwdriver,0.7725,0.62687475,,,1.29,0.999375
TRAIN,00d9a083e1cba929.jpg,Screwdriver,0.26625,0.451038576,,,0.296284871,0.904084
TRAIN,01e80d7cf80f3921.jpg,Screwdriver,0.139375,0.328875912,,,0.171140293,0.797386
TRAIN,02a90407e6bf3ef8.jpg,Screwdriver,0.183125,1.253877551,,,0.253957334,0.583567
TRAIN,039d98c90d183417.jpg,Screwdriver,0.085625,1.16193265,,,0.209608298,0.636023
TRAIN,05c875fdc13a93cb.jpg,Screwdriver,0.51125,0.78,,,0.11874975,0.870833
TRAIN,07bdf29162677236.jpg,Screwdriver,0.41625,1.194166667,,,0.15,0.739167
TRAIN,087c92920936e155.jpg,Screwdriver,0.425,1.496456808,,,0.254658284,0.614447
TRAIN,0cb9988fa613635b.jpg,Screwdriver,0.06625,1.193411765,,,0.357668047,0.721281
TRAIN,107aabf5630e9daf.jpg,Screwdriver,0.176875,0.843333333,,,0.290625,0.815833
TRAIN,107aabf5630e9daf.jpg,Screwdriver,0.608125,0.94,,,0.1125,0.77
TRAIN,107aabf5630e9daf.jpg,Screwdriver,0.680625,0.979166667,,,0.12125025,0.818333
TRAIN,12cf07a3be388bae.jpg,Screwdriver,0.658125,1.189106881,,,0.02753077,0.999062
TRAIN,12cf07a3be388bae.jpg,Screwdriver,0.785625,1.491771596,,,0.021273716,0.999062
TRAIN,134f5428710fad6b.jpg,Screwdriver,0.371094,0.947917333,,,0.2203125,0.629167
TRAIN,1f10b3e18c251566.jpg,Screwdriver,0.028125,1.844981685,,,0.16083699,0.75939
TRAIN,1f10b3e18c251566.jpg,Screwdriver,0.1075,1.689084249,,,0.02878817,0.487089
TRAIN,1f10b3e18c251566.jpg,Screwdriver,0.288125,1.487472527,,,0.347958762,0.849765
TRAIN,274112131556f171.jpg,Screwdriver,0.083125,2.028521739,,,0.12137666,0.678273
TRAIN,27753d996a207805.jpg,Screwdriver,0.164,1.698539683,,,0.097036734,0.794715
TRAIN,27fe462517cc2469.jpg,Screwdriver,0.13,1.193333333,,,0.07749975,0.815833
TRAIN,34e4a5693e3a6501.jpg,Screwdriver,0.09875,1.210397878,,,0.197063496,0.740017
TRAIN,38cf55592ebb90d7.jpg,Screwdriver,0.029687,0.964063,,,0.15,0.859375
TRAIN,3dcf977dd79ecc0d.jpg,Screwdriver,0.353125,0.598770132,,,0.153295481,0.876173
TRAIN,3dcf977dd79ecc0d.jpg,Screwdriver,0.43,0.737452416,,,0.163932673,0.874296
TRAIN,3dcf977dd79ecc0d.jpg,Screwdriver,0.5175,0.843338214,,,0.140155735,0.880863
TRAIN,3dcf977dd79ecc0d.jpg,Screwdriver,0.603125,1.008257687,,,0.212110853,0.907129
TRAIN,3fa576eab76949a8.jpg,Screwdriver,0.073125,1.246479903,,,0,0.890101
TRAIN,401d27f0d4070d6d.jpg,Screwdriver,0.712695,0.781802514,,,0.488007213,0.517241
TRAIN,4362aebc502d522b.jpg,Screwdriver,0.206667,0.24312525,,,0.181666667,0.850625
TRAIN,479949d71534d9ab.jpg,Screwdriver,0.185,0.65937525,,,0.775,0.9775
TRAIN,479949d71534d9ab.jpg,Screwdriver,0.244167,0.63062475,,,0.255833333,0.335625
TRAIN,479949d71534d9ab.jpg,Screwdriver,0.321667,0.65124975,,,0.5225,0.704375
TRAIN,481f14efd2b4236a.jpg,Screwdriver,0.28,1.084058651,,,0.292006559,0.666667
TRAIN,4a78838bf777e9c1.jpg,Screwdriver,0.078125,1.298333333,,,0.26874975,0.540833
TRAIN,66a3beb56e4ca812.jpg,Screwdriver,0.050625,1.2825,,,0.16562475,0.3825
TRAIN,6b7b9358937fb87a.jpg,Screwdriver,0.01875,1.311110667,,,0.12500025,0.636111
TRAIN,7748c1a164e026a1.jpg,Screwdriver,0.0975,1.255,,,0.49562475,0.84
TRAIN,781e5078e4428fac.jpg,Screwdriver,0.152344,1.497803151,,,0,0.928258
TRAIN,7bddd8020e088b07.jpg,Screwdriver,0.150625,1.240833333,,,0.03375,0.893333
TRAIN,80ad1997b7c1fc38.jpg,Screwdriver,0.002502,0.018360367,,,0.001250094,0.166667
TRAIN,80ad1997b7c1fc38.jpg,Screwdriver,0.011257,0.049204844,,,0.225082445,0.475037
TRAIN,80ad1997b7c1fc38.jpg,Screwdriver,0.031895,0.056548991,,,0,0.171806
TRAIN,80ad1997b7c1fc38.jpg,Screwdriver,0.041276,0.08298745,,,0.467046266,0.792217
TRAIN,80ad1997b7c1fc38.jpg,Screwdriver,0.046279,0.085190459,,,0.173814125,0.382526
TRAIN,80ad1997b7c1fc38.jpg,Screwdriver,0.059412,0.104285945,,,0,0.142438
TRAIN,80ad1997b7c1fc38.jpg,Screwdriver,0.081301,0.11603611,,,0.479550609,0.870044
TRAIN,80ad1997b7c1fc38.jpg,Screwdriver,0.088806,0.12852022,,,0.181316391,0.405286
TRAIN,80ad1997b7c1fc38.jpg,Screwdriver,0.100688,0.146880587,,,0,0.164464
TRAIN,80ad1997b7c1fc38.jpg,Screwdriver,0.106316,0.150552661,,,0.479550609,0.856094
TRAIN,80ad1997b7c1fc38.jpg,Screwdriver,0.1207,0.171116037,,,0.168187,0.459618
TRAIN,80ad1997b7c1fc38.jpg,Screwdriver,0.13571,0.185069211,,,0,0.174743
TRAIN,80ad1997b7c1fc38.jpg,Screwdriver,0.151345,0.205632587,,,0.464545227,0.845815
TRAIN,80ad1997b7c1fc38.jpg,Screwdriver,0.157598,0.212242789,,,0.166311008,0.469897
TRAIN,80ad1997b7c1fc38.jpg,Screwdriver,0.170732,0.232806165,,,0,0.168135
TRAIN,80ad1997b7c1fc38.jpg,Screwdriver,0.186992,0.251900477,,,0.460169047,0.849486
TRAIN,80ad1997b7c1fc38.jpg,Screwdriver,0.195747,0.253369541,,,0.176940211,0.524963
TRAIN,80ad1997b7c1fc38.jpg,Screwdriver,0.21576,0.286417028,,,0.454541922,0.945668
TRAIN,80ad1997b7c1fc38.jpg,Screwdriver,0.220138,0.281277064,,,0,0.137298
TRAIN,815c60dd718f4af7.jpg,Screwdriver,0.494375,0.766208651,,,0.120109857,0.801956
TRAIN,847e277c728ea051.jpg,Screwdriver,0.15,1.456941176,,,0.173831641,0.596987
TRAIN,85e18911d236590b.jpg,Screwdriver,0.12625,1.343255814,,,0.045625016,0.933953
TRAIN,8abe387edad1ab14.jpg,Screwdriver,0.050625,1.314166667,,,0.31374975,0.564167
TRAIN,8d0f2635a4debf71.jpg,Screwdriver,0.2325,0.749109936,,,0.412273247,0.790365
TRAIN,96f329e042e6adaf.jpg,Screwdriver,0.232,1.306204724,,,0.122022939,0.467742
TRAIN,9f60c5b522ff7460.jpg,Screwdriver,0.340029,1.490569329,,,0.294076945,0.997859
TRAIN,a6cae0a6ad7a8850.jpg,Screwdriver,0.071667,0.953333,,,0.038333,0.94
TRAIN,a89c4e2c9e92d57b.jpg,Screwdriver,0,1.264070278,,,0.150792927,0.603189
TRAIN,a89c4e2c9e92d57b.jpg,Screwdriver,0,1.321229868,,,0.399819796,0.874296
TRAIN,a8b3e60fa28d7b18.jpg,Screwdriver,0.110625,0.936666667,,,0.56312475,0.999167
TRAIN,a8b3e60fa28d7b18.jpg,Screwdriver,0.113125,0.676666667,,,0.52562475,0.904167
TRAIN,c1fb638b9938a284.jpg,Screwdriver,0.161719,1.144792,,,0.1882815,0.60625
TRAIN,e374045a80e99928.jpg,Screwdriver,0.067839,1.867562502,,,0.045188418,0.883375
TRAIN,e374045a80e99928.jpg,Screwdriver,0.069095,1.870045405,,,0.046443455,0.885856
TRAIN,e3bfb71bef1818af.jpg,Screwdriver,0.11125,1.275314788,,,0.138278819,0.662289
TRAIN,e3bfb71bef1818af.jpg,Screwdriver,0.194375,1.321229868,,,0.250904452,0.818011
TRAIN,efc2b7b3ac54dca9.jpg,Screwdriver,0.088125,1.340729927,,,0.021236338,0.86648
TRAIN,efc2b7b3ac54dca9.jpg,Screwdriver,0.095625,1.344467153,,,0.029355996,0.862745
TRAIN,f1f0e4592b32ad14.jpg,Screwdriver,0.599375,1.306352941,,,0.13644293,0.352498
